-- MySQL dump 10.13  Distrib 5.7.29, for Linux (x86_64)
--
-- Host: 127.0.0.1    Database: id10084821_new_fenes_db
-- ------------------------------------------------------
-- Server version	5.7.29-0ubuntu0.18.04.1

/*!40101 SET @OLD_CHARACTER_SET_CLIENT=@@CHARACTER_SET_CLIENT */;
/*!40101 SET @OLD_CHARACTER_SET_RESULTS=@@CHARACTER_SET_RESULTS */;
/*!40101 SET @OLD_COLLATION_CONNECTION=@@COLLATION_CONNECTION */;
/*!40101 SET NAMES utf8 */;
/*!40103 SET @OLD_TIME_ZONE=@@TIME_ZONE */;
/*!40103 SET TIME_ZONE='+00:00' */;
/*!40014 SET @OLD_UNIQUE_CHECKS=@@UNIQUE_CHECKS, UNIQUE_CHECKS=0 */;
/*!40014 SET @OLD_FOREIGN_KEY_CHECKS=@@FOREIGN_KEY_CHECKS, FOREIGN_KEY_CHECKS=0 */;
/*!40101 SET @OLD_SQL_MODE=@@SQL_MODE, SQL_MODE='NO_AUTO_VALUE_ON_ZERO' */;
/*!40111 SET @OLD_SQL_NOTES=@@SQL_NOTES, SQL_NOTES=0 */;

--
-- Table structure for table `candidate_participants`
--

DROP TABLE IF EXISTS `candidate_participants`;
/*!40101 SET @saved_cs_client     = @@character_set_client */;
/*!40101 SET character_set_client = utf8 */;
CREATE TABLE `candidate_participants` (
  `id` int(10) unsigned NOT NULL AUTO_INCREMENT,
  `last_name` varchar(255) COLLATE utf8mb4_unicode_ci NOT NULL,
  `first_name` varchar(255) COLLATE utf8mb4_unicode_ci DEFAULT NULL,
  `status` varchar(255) COLLATE utf8mb4_unicode_ci NOT NULL,
  `gender` varchar(255) COLLATE utf8mb4_unicode_ci DEFAULT NULL,
  `created_at` timestamp NULL DEFAULT NULL,
  `updated_at` timestamp NULL DEFAULT NULL,
  `candidate_id` int(10) unsigned NOT NULL,
  PRIMARY KEY (`id`),
  KEY `candidate_participants_candidate_id_foreign` (`candidate_id`),
  CONSTRAINT `candidate_participants_candidate_id_foreign` FOREIGN KEY (`candidate_id`) REFERENCES `candidates` (`id`)
) ENGINE=InnoDB DEFAULT CHARSET=utf8mb4 COLLATE=utf8mb4_unicode_ci;
/*!40101 SET character_set_client = @saved_cs_client */;

--
-- Dumping data for table `candidate_participants`
--

LOCK TABLES `candidate_participants` WRITE;
/*!40000 ALTER TABLE `candidate_participants` DISABLE KEYS */;
/*!40000 ALTER TABLE `candidate_participants` ENABLE KEYS */;
UNLOCK TABLES;

--
-- Table structure for table `candidates`
--

DROP TABLE IF EXISTS `candidates`;
/*!40101 SET @saved_cs_client     = @@character_set_client */;
/*!40101 SET character_set_client = utf8 */;
CREATE TABLE `candidates` (
  `id` int(10) unsigned NOT NULL AUTO_INCREMENT,
  `name` varchar(255) COLLATE utf8mb4_unicode_ci NOT NULL,
  `subject` varchar(255) COLLATE utf8mb4_unicode_ci NOT NULL,
  `description` text COLLATE utf8mb4_unicode_ci,
  `created_at` timestamp NULL DEFAULT NULL,
  `updated_at` timestamp NULL DEFAULT NULL,
  PRIMARY KEY (`id`)
) ENGINE=InnoDB DEFAULT CHARSET=utf8mb4 COLLATE=utf8mb4_unicode_ci;
/*!40101 SET character_set_client = @saved_cs_client */;

--
-- Dumping data for table `candidates`
--

LOCK TABLES `candidates` WRITE;
/*!40000 ALTER TABLE `candidates` DISABLE KEYS */;
/*!40000 ALTER TABLE `candidates` ENABLE KEYS */;
UNLOCK TABLES;

--
-- Table structure for table `chat_conversations`
--

DROP TABLE IF EXISTS `chat_conversations`;
/*!40101 SET @saved_cs_client     = @@character_set_client */;
/*!40101 SET character_set_client = utf8 */;
CREATE TABLE `chat_conversations` (
  `id` bigint(20) unsigned NOT NULL AUTO_INCREMENT,
  `private` tinyint(1) NOT NULL DEFAULT '1',
  `direct_message` tinyint(1) NOT NULL DEFAULT '0',
  `data` text COLLATE utf8mb4_unicode_ci,
  `created_at` timestamp NULL DEFAULT NULL,
  `updated_at` timestamp NULL DEFAULT NULL,
  PRIMARY KEY (`id`)
) ENGINE=InnoDB AUTO_INCREMENT=19 DEFAULT CHARSET=utf8mb4 COLLATE=utf8mb4_unicode_ci;
/*!40101 SET character_set_client = @saved_cs_client */;

--
-- Dumping data for table `chat_conversations`
--

LOCK TABLES `chat_conversations` WRITE;
/*!40000 ALTER TABLE `chat_conversations` DISABLE KEYS */;
INSERT INTO `chat_conversations` VALUES (1,1,0,'[]','2020-05-17 01:11:39','2020-05-17 01:11:39'),(2,1,0,'[]','2020-05-17 01:16:29','2020-05-17 01:16:29'),(3,1,0,'[]','2020-05-17 01:17:35','2020-05-17 01:17:35'),(4,1,1,'[]','2020-05-17 02:11:04','2020-05-17 19:34:10'),(5,1,1,'[]','2020-05-17 02:16:30','2020-05-17 11:43:50'),(6,1,1,'[]','2020-05-17 08:55:51','2020-05-17 09:24:27'),(7,1,1,'[]','2020-05-17 09:50:26','2020-05-17 09:50:36'),(8,1,1,'[]','2020-05-17 19:30:54','2020-06-08 16:03:42'),(9,1,1,'[]','2020-05-17 20:23:40','2020-05-17 20:23:40'),(10,1,1,'[]','2020-05-17 21:03:56','2020-05-17 21:03:56'),(11,1,1,'[]','2020-05-17 21:04:12','2020-05-17 21:04:24'),(12,1,1,'[]','2020-07-11 13:37:26','2020-08-10 19:34:30'),(13,1,1,'[]','2020-07-15 11:49:16','2020-07-15 11:49:16'),(14,1,1,'[]','2020-08-10 17:36:41','2020-08-10 17:36:42'),(15,1,1,'[]','2020-08-12 08:08:21','2020-08-12 08:08:22'),(16,1,1,'[]','2020-08-12 08:31:13','2020-08-12 08:31:13'),(17,1,1,'[]','2020-08-12 08:41:48','2020-08-12 08:41:48'),(18,1,1,'[]','2020-08-19 12:05:40','2020-08-19 12:05:41');
/*!40000 ALTER TABLE `chat_conversations` ENABLE KEYS */;
UNLOCK TABLES;

--
-- Table structure for table `chat_message_notifications`
--

DROP TABLE IF EXISTS `chat_message_notifications`;
/*!40101 SET @saved_cs_client     = @@character_set_client */;
/*!40101 SET character_set_client = utf8 */;
CREATE TABLE `chat_message_notifications` (
  `id` bigint(20) unsigned NOT NULL AUTO_INCREMENT,
  `message_id` bigint(20) unsigned NOT NULL,
  `messageable_id` bigint(20) unsigned NOT NULL,
  `messageable_type` varchar(255) COLLATE utf8mb4_unicode_ci NOT NULL,
  `conversation_id` bigint(20) unsigned NOT NULL,
  `participation_id` bigint(20) unsigned NOT NULL,
  `is_seen` tinyint(1) NOT NULL DEFAULT '0',
  `is_sender` tinyint(1) NOT NULL DEFAULT '0',
  `flagged` tinyint(1) NOT NULL DEFAULT '0',
  `created_at` timestamp NULL DEFAULT NULL,
  `updated_at` timestamp NULL DEFAULT NULL,
  `deleted_at` timestamp NULL DEFAULT NULL,
  PRIMARY KEY (`id`),
  KEY `participation_message_index` (`participation_id`,`message_id`),
  KEY `chat_message_notifications_message_id_foreign` (`message_id`),
  KEY `chat_message_notifications_conversation_id_foreign` (`conversation_id`),
  CONSTRAINT `chat_message_notifications_conversation_id_foreign` FOREIGN KEY (`conversation_id`) REFERENCES `chat_conversations` (`id`) ON DELETE CASCADE,
  CONSTRAINT `chat_message_notifications_message_id_foreign` FOREIGN KEY (`message_id`) REFERENCES `chat_messages` (`id`) ON DELETE CASCADE,
  CONSTRAINT `chat_message_notifications_participation_id_foreign` FOREIGN KEY (`participation_id`) REFERENCES `chat_participation` (`id`) ON DELETE CASCADE
) ENGINE=InnoDB AUTO_INCREMENT=71 DEFAULT CHARSET=utf8mb4 COLLATE=utf8mb4_unicode_ci;
/*!40101 SET character_set_client = @saved_cs_client */;

--
-- Dumping data for table `chat_message_notifications`
--

LOCK TABLES `chat_message_notifications` WRITE;
/*!40000 ALTER TABLE `chat_message_notifications` DISABLE KEYS */;
INSERT INTO `chat_message_notifications` VALUES (1,1,5,'App\\Participant',4,8,0,0,0,'2020-05-17 02:46:31',NULL,NULL),(2,1,508,'App\\Participant',4,7,1,1,0,'2020-05-17 02:46:31',NULL,NULL),(3,2,5,'App\\Participant',4,8,0,0,0,'2020-05-17 08:32:42',NULL,NULL),(4,2,508,'App\\Participant',4,7,1,1,0,'2020-05-17 08:32:42',NULL,NULL),(5,3,508,'App\\Participant',6,11,1,1,0,'2020-05-17 09:24:10',NULL,NULL),(6,3,509,'App\\Participant',6,12,0,0,0,'2020-05-17 09:24:10',NULL,NULL),(7,4,508,'App\\Participant',6,11,1,1,0,'2020-05-17 09:24:26',NULL,NULL),(8,4,509,'App\\Participant',6,12,0,0,0,'2020-05-17 09:24:26',NULL,NULL),(9,5,506,'App\\Participant',7,14,0,0,0,'2020-05-17 09:50:36',NULL,NULL),(10,5,508,'App\\Participant',7,13,1,1,0,'2020-05-17 09:50:36',NULL,NULL),(11,6,3,'App\\Participant',5,10,0,0,0,'2020-05-17 11:11:00',NULL,NULL),(12,6,508,'App\\Participant',5,9,1,1,0,'2020-05-17 11:11:00',NULL,NULL),(13,7,3,'App\\Participant',5,10,0,0,0,'2020-05-17 11:43:50',NULL,NULL),(14,7,508,'App\\Participant',5,9,1,1,0,'2020-05-17 11:43:50',NULL,NULL),(15,8,508,'App\\Participant',8,16,1,0,0,'2020-05-17 19:31:12','2020-05-21 23:59:39',NULL),(16,8,510,'App\\Participant',8,15,1,1,0,'2020-05-17 19:31:12','2020-06-20 11:20:03',NULL),(17,9,5,'App\\Participant',4,8,0,0,0,'2020-05-17 19:34:10',NULL,NULL),(18,9,508,'App\\Participant',4,7,1,1,0,'2020-05-17 19:34:10',NULL,NULL),(19,10,508,'App\\Participant',8,16,1,1,0,'2020-05-17 19:53:17','2020-05-21 23:59:39',NULL),(20,10,510,'App\\Participant',8,15,1,0,0,'2020-05-17 19:53:17','2020-06-20 11:20:03',NULL),(21,11,508,'App\\Participant',8,16,1,0,0,'2020-05-17 19:55:20','2020-05-21 23:59:39',NULL),(22,11,510,'App\\Participant',8,15,1,1,0,'2020-05-17 19:55:20','2020-06-20 11:20:03',NULL),(23,12,508,'App\\Participant',8,16,1,1,0,'2020-05-17 19:57:21','2020-05-21 23:59:39',NULL),(24,12,510,'App\\Participant',8,15,1,0,0,'2020-05-17 19:57:21','2020-06-20 11:20:03',NULL),(25,13,508,'App\\Participant',8,16,1,1,0,'2020-05-17 19:59:05','2020-05-21 23:59:39',NULL),(26,13,510,'App\\Participant',8,15,1,0,0,'2020-05-17 19:59:05','2020-06-20 11:20:03',NULL),(27,14,508,'App\\Participant',8,16,1,1,0,'2020-05-17 19:59:16','2020-05-21 23:59:39',NULL),(28,14,510,'App\\Participant',8,15,1,0,0,'2020-05-17 19:59:16','2020-06-20 11:20:03',NULL),(29,15,508,'App\\Participant',8,16,1,0,0,'2020-05-17 19:59:42','2020-05-21 23:59:39',NULL),(30,15,510,'App\\Participant',8,15,1,1,0,'2020-05-17 19:59:42','2020-06-20 11:20:03',NULL),(31,16,508,'App\\Participant',8,16,1,1,0,'2020-05-17 20:00:53','2020-05-21 23:59:39',NULL),(32,16,510,'App\\Participant',8,15,1,0,0,'2020-05-17 20:00:53','2020-06-20 11:20:03',NULL),(33,17,508,'App\\Participant',8,16,1,1,0,'2020-05-17 20:02:29','2020-05-21 23:59:39',NULL),(34,17,510,'App\\Participant',8,15,1,0,0,'2020-05-17 20:02:29','2020-06-20 11:20:03',NULL),(35,18,508,'App\\Participant',8,16,1,1,0,'2020-05-17 20:03:08','2020-05-21 23:59:39',NULL),(36,18,510,'App\\Participant',8,15,1,0,0,'2020-05-17 20:03:08','2020-06-20 11:20:03',NULL),(37,19,508,'App\\Participant',8,16,1,0,0,'2020-05-17 20:20:37','2020-05-21 23:59:39',NULL),(38,19,510,'App\\Participant',8,15,1,1,0,'2020-05-17 20:20:37','2020-06-20 11:20:03',NULL),(39,20,508,'App\\Participant',8,16,1,0,0,'2020-05-17 20:21:23','2020-05-21 23:59:39',NULL),(40,20,510,'App\\Participant',8,15,1,1,0,'2020-05-17 20:21:23','2020-06-20 11:20:03',NULL),(41,21,508,'App\\Participant',8,16,1,0,0,'2020-05-17 20:21:44','2020-05-21 23:59:39',NULL),(42,21,510,'App\\Participant',8,15,1,1,0,'2020-05-17 20:21:44','2020-06-20 11:20:03',NULL),(43,22,508,'App\\Participant',8,16,1,0,0,'2020-05-17 20:53:17','2020-05-21 23:59:39',NULL),(44,22,510,'App\\Participant',8,15,1,1,0,'2020-05-17 20:53:17','2020-06-20 11:20:03',NULL),(45,23,508,'App\\Participant',8,16,1,0,0,'2020-05-17 20:58:13','2020-05-21 23:59:39',NULL),(46,23,510,'App\\Participant',8,15,1,1,0,'2020-05-17 20:58:13','2020-06-20 11:20:03',NULL),(47,24,505,'App\\Participant',11,22,0,0,0,'2020-05-17 21:04:24',NULL,NULL),(48,24,510,'App\\Participant',11,21,1,1,0,'2020-05-17 21:04:24',NULL,NULL),(49,25,508,'App\\Participant',8,16,1,1,0,'2020-06-08 16:03:28',NULL,NULL),(50,25,510,'App\\Participant',8,15,1,0,0,'2020-06-08 16:03:28','2020-06-20 11:20:03',NULL),(51,26,508,'App\\Participant',8,16,1,1,0,'2020-06-08 16:03:42',NULL,NULL),(52,26,510,'App\\Participant',8,15,1,0,0,'2020-06-08 16:03:42','2020-06-20 11:20:03',NULL),(53,27,511,'App\\Participant',12,23,1,1,0,'2020-07-11 13:37:44','2020-07-15 13:04:10',NULL),(54,27,512,'App\\Participant',12,24,1,0,0,'2020-07-11 13:37:44','2020-07-15 13:03:18',NULL),(55,28,511,'App\\Participant',12,23,1,0,0,'2020-07-15 12:21:52','2020-07-15 13:04:10',NULL),(56,28,512,'App\\Participant',12,24,1,1,0,'2020-07-15 12:21:52','2020-07-15 13:03:18',NULL),(57,29,511,'App\\Participant',12,23,1,1,0,'2020-07-15 12:47:25','2020-07-15 13:04:10',NULL),(58,29,512,'App\\Participant',12,24,1,0,0,'2020-07-15 12:47:25','2020-07-15 13:03:18',NULL),(59,30,511,'App\\Participant',12,23,1,0,0,'2020-07-15 12:50:35','2020-07-15 13:04:10',NULL),(60,30,512,'App\\Participant',12,24,1,1,0,'2020-07-15 12:50:35','2020-07-15 13:03:18',NULL),(61,31,511,'App\\Participant',12,23,1,0,0,'2020-07-15 12:51:35','2020-07-15 13:04:10',NULL),(62,31,512,'App\\Participant',12,24,1,1,0,'2020-07-15 12:51:35','2020-07-15 13:03:18',NULL),(63,32,511,'App\\Participant',12,23,1,1,0,'2020-07-15 12:56:58','2020-07-15 13:04:10',NULL),(64,32,512,'App\\Participant',12,24,1,0,0,'2020-07-15 12:56:58','2020-07-15 13:03:18',NULL),(65,33,511,'App\\Participant',12,23,1,1,0,'2020-07-15 13:01:22','2020-07-15 13:04:10',NULL),(66,33,512,'App\\Participant',12,24,1,0,0,'2020-07-15 13:01:22','2020-07-15 13:03:18',NULL),(67,34,511,'App\\Participant',12,23,1,0,0,'2020-07-15 13:03:27','2020-07-15 13:04:10',NULL),(68,34,512,'App\\Participant',12,24,1,1,0,'2020-07-15 13:03:27',NULL,NULL),(69,35,511,'App\\Participant',12,23,1,1,0,'2020-08-10 19:34:30',NULL,NULL),(70,35,512,'App\\Participant',12,24,0,0,0,'2020-08-10 19:34:30',NULL,NULL);
/*!40000 ALTER TABLE `chat_message_notifications` ENABLE KEYS */;
UNLOCK TABLES;

--
-- Table structure for table `chat_messages`
--

DROP TABLE IF EXISTS `chat_messages`;
/*!40101 SET @saved_cs_client     = @@character_set_client */;
/*!40101 SET character_set_client = utf8 */;
CREATE TABLE `chat_messages` (
  `id` bigint(20) unsigned NOT NULL AUTO_INCREMENT,
  `body` text COLLATE utf8mb4_unicode_ci NOT NULL,
  `conversation_id` bigint(20) unsigned NOT NULL,
  `participation_id` bigint(20) unsigned DEFAULT NULL,
  `type` varchar(255) COLLATE utf8mb4_unicode_ci NOT NULL DEFAULT 'text',
  `created_at` timestamp NULL DEFAULT NULL,
  `updated_at` timestamp NULL DEFAULT NULL,
  PRIMARY KEY (`id`),
  KEY `chat_messages_participation_id_foreign` (`participation_id`),
  KEY `chat_messages_conversation_id_foreign` (`conversation_id`),
  CONSTRAINT `chat_messages_conversation_id_foreign` FOREIGN KEY (`conversation_id`) REFERENCES `chat_conversations` (`id`) ON DELETE CASCADE,
  CONSTRAINT `chat_messages_participation_id_foreign` FOREIGN KEY (`participation_id`) REFERENCES `chat_participation` (`id`) ON DELETE SET NULL
) ENGINE=InnoDB AUTO_INCREMENT=36 DEFAULT CHARSET=utf8mb4 COLLATE=utf8mb4_unicode_ci;
/*!40101 SET character_set_client = @saved_cs_client */;

--
-- Dumping data for table `chat_messages`
--

LOCK TABLES `chat_messages` WRITE;
/*!40000 ALTER TABLE `chat_messages` DISABLE KEYS */;
INSERT INTO `chat_messages` VALUES (1,'Salut mon grand',4,7,'text','2020-05-17 02:46:31','2020-05-17 02:46:31'),(2,'Comment tu vas ?',4,7,'text','2020-05-17 08:32:42','2020-05-17 08:32:42'),(3,'Salut mon vieux',6,11,'text','2020-05-17 09:24:10','2020-05-17 09:24:10'),(4,'Apparement tu est le plus populaire',6,11,'text','2020-05-17 09:24:26','2020-05-17 09:24:26'),(5,'Bonjour 506',7,13,'text','2020-05-17 09:50:36','2020-05-17 09:50:36'),(6,'Salut 3 je t\'envoie un msg',5,9,'text','2020-05-17 11:11:00','2020-05-17 11:11:00'),(7,'Repond MOi le plus rapidement possible',5,9,'text','2020-05-17 11:43:50','2020-05-17 11:43:50'),(8,'Salut mon view. COmment vas tu ?',8,15,'text','2020-05-17 19:31:12','2020-05-17 19:31:12'),(9,'Bien loooo. Et toi ?',4,7,'text','2020-05-17 19:34:10','2020-05-17 19:34:10'),(10,'Bien et toi ? C\'est tres interessant le coding',8,16,'text','2020-05-17 19:53:17','2020-05-17 19:53:17'),(11,'Oh oui. C\'est tu que la realite est pixelise ?',8,15,'text','2020-05-17 19:55:20','2020-05-17 19:55:20'),(12,'Bien sur que oui. C\'est un element de la theorie du tout',8,16,'text','2020-05-17 19:57:21','2020-05-17 19:57:21'),(13,'Tu connais ?',8,16,'text','2020-05-17 19:59:05','2020-05-17 19:59:05'),(14,'LA theorie du tout',8,16,'text','2020-05-17 19:59:16','2020-05-17 19:59:16'),(15,'Non non. Dis moi un peu plus',8,15,'text','2020-05-17 19:59:42','2020-05-17 19:59:42'),(16,'Ok',8,16,'text','2020-05-17 20:00:53','2020-05-17 20:00:53'),(17,'Sais tu que personne ne sais a l\'heure actuel pourqw la vitesse de la lumiere est 300000km/s ?',8,16,'text','2020-05-17 20:02:29','2020-05-17 20:02:29'),(18,'La therie du tout permetra d\'expliquer pourqw il ya cette valeur et non une autre',8,16,'text','2020-05-17 20:03:08','2020-05-17 20:03:08'),(19,'Ah je vois',8,15,'text','2020-05-17 20:20:37','2020-05-17 20:20:37'),(20,'Donc la theorie du tout tente d\'expliquer les constantes de la physique',8,15,'text','2020-05-17 20:21:23','2020-05-17 20:21:23'),(21,'Des constantes qui sont rare a trouver. LOL',8,15,'text','2020-05-17 20:21:44','2020-05-17 20:21:44'),(22,'Tu ne me reponds pas ?',8,15,'text','2020-05-17 20:53:17','2020-05-17 20:53:17'),(23,'Ah daco. Je comprend',8,15,'text','2020-05-17 20:58:13','2020-05-17 20:58:13'),(24,'Ecrire un message',11,21,'text','2020-05-17 21:04:24','2020-05-17 21:04:24'),(25,'Salut toi',8,16,'text','2020-06-08 16:03:28','2020-06-08 16:03:28'),(26,'Comment tu vas ????',8,16,'text','2020-06-08 16:03:42','2020-06-08 16:03:42'),(27,'dddd',12,23,'text','2020-07-11 13:37:44','2020-07-11 13:37:44'),(28,'Oui salut comment tu vas?',12,24,'text','2020-07-15 12:21:52','2020-07-15 12:21:52'),(29,'Oh je gere. Tout est stable',12,23,'text','2020-07-15 12:47:25','2020-07-15 12:47:25'),(30,'Ok super',12,24,'text','2020-07-15 12:50:35','2020-07-15 12:50:35'),(31,'good',12,24,'text','2020-07-15 12:51:35','2020-07-15 12:51:35'),(32,'DAco. T\'as recu le paquet ?',12,23,'text','2020-07-15 12:56:58','2020-07-15 12:56:58'),(33,'dfsf',12,23,'text','2020-07-15 13:01:22','2020-07-15 13:01:22'),(34,'Salut',12,24,'text','2020-07-15 13:03:27','2020-07-15 13:03:27'),(35,'Oui tout est nickel',12,23,'text','2020-08-10 19:34:30','2020-08-10 19:34:30');
/*!40000 ALTER TABLE `chat_messages` ENABLE KEYS */;
UNLOCK TABLES;

--
-- Table structure for table `chat_participation`
--

DROP TABLE IF EXISTS `chat_participation`;
/*!40101 SET @saved_cs_client     = @@character_set_client */;
/*!40101 SET character_set_client = utf8 */;
CREATE TABLE `chat_participation` (
  `id` bigint(20) unsigned NOT NULL AUTO_INCREMENT,
  `conversation_id` bigint(20) unsigned NOT NULL,
  `messageable_id` bigint(20) unsigned NOT NULL,
  `messageable_type` varchar(255) COLLATE utf8mb4_unicode_ci NOT NULL,
  `settings` text COLLATE utf8mb4_unicode_ci,
  `created_at` timestamp NULL DEFAULT NULL,
  `updated_at` timestamp NULL DEFAULT NULL,
  PRIMARY KEY (`id`),
  UNIQUE KEY `participation_index` (`conversation_id`,`messageable_id`,`messageable_type`),
  CONSTRAINT `chat_participation_conversation_id_foreign` FOREIGN KEY (`conversation_id`) REFERENCES `chat_conversations` (`id`) ON DELETE CASCADE
) ENGINE=InnoDB AUTO_INCREMENT=37 DEFAULT CHARSET=utf8mb4 COLLATE=utf8mb4_unicode_ci;
/*!40101 SET character_set_client = @saved_cs_client */;

--
-- Dumping data for table `chat_participation`
--

LOCK TABLES `chat_participation` WRITE;
/*!40000 ALTER TABLE `chat_participation` DISABLE KEYS */;
INSERT INTO `chat_participation` VALUES (1,1,508,'App\\Participant',NULL,'2020-05-17 01:11:40','2020-05-17 01:11:40'),(3,2,508,'App\\Participant',NULL,'2020-05-17 01:16:29','2020-05-17 01:16:29'),(5,3,508,'App\\Participant',NULL,'2020-05-17 01:17:35','2020-05-17 01:17:35'),(7,4,508,'App\\Participant',NULL,'2020-05-17 02:11:04','2020-05-17 02:11:04'),(8,4,5,'App\\Participant',NULL,'2020-05-17 02:11:04','2020-05-17 02:11:04'),(9,5,508,'App\\Participant',NULL,'2020-05-17 02:16:30','2020-05-17 02:16:30'),(10,5,3,'App\\Participant',NULL,'2020-05-17 02:16:30','2020-05-17 02:16:30'),(11,6,508,'App\\Participant',NULL,'2020-05-17 08:55:51','2020-05-17 08:55:51'),(12,6,509,'App\\Participant',NULL,'2020-05-17 08:55:51','2020-05-17 08:55:51'),(13,7,508,'App\\Participant',NULL,'2020-05-17 09:50:26','2020-05-17 09:50:26'),(14,7,506,'App\\Participant',NULL,'2020-05-17 09:50:26','2020-05-17 09:50:26'),(15,8,510,'App\\Participant',NULL,'2020-05-17 19:30:54','2020-05-17 19:30:54'),(16,8,508,'App\\Participant',NULL,'2020-05-17 19:30:54','2020-05-17 19:30:54'),(17,9,510,'App\\Participant',NULL,'2020-05-17 20:23:40','2020-05-17 20:23:40'),(18,9,3,'App\\Participant',NULL,'2020-05-17 20:23:40','2020-05-17 20:23:40'),(19,10,510,'App\\Participant',NULL,'2020-05-17 21:03:56','2020-05-17 21:03:56'),(20,10,509,'App\\Participant',NULL,'2020-05-17 21:03:56','2020-05-17 21:03:56'),(21,11,510,'App\\Participant',NULL,'2020-05-17 21:04:12','2020-05-17 21:04:12'),(22,11,505,'App\\Participant',NULL,'2020-05-17 21:04:12','2020-05-17 21:04:12'),(23,12,511,'App\\Participant',NULL,'2020-07-11 13:37:26','2020-07-11 13:37:26'),(24,12,512,'App\\Participant',NULL,'2020-07-11 13:37:26','2020-07-11 13:37:26'),(25,13,511,'App\\Participant',NULL,'2020-07-15 11:49:16','2020-07-15 11:49:16'),(26,13,510,'App\\Participant',NULL,'2020-07-15 11:49:16','2020-07-15 11:49:16'),(27,14,511,'App\\Participant',NULL,'2020-08-10 17:36:41','2020-08-10 17:36:41'),(28,14,508,'App\\Participant',NULL,'2020-08-10 17:36:42','2020-08-10 17:36:42'),(29,15,513,'App\\Participant',NULL,'2020-08-12 08:08:21','2020-08-12 08:08:21'),(30,15,3,'App\\Participant',NULL,'2020-08-12 08:08:21','2020-08-12 08:08:21'),(31,16,513,'App\\Participant',NULL,'2020-08-12 08:31:13','2020-08-12 08:31:13'),(32,16,12,'App\\Participant',NULL,'2020-08-12 08:31:13','2020-08-12 08:31:13'),(33,17,513,'App\\Participant',NULL,'2020-08-12 08:41:48','2020-08-12 08:41:48'),(34,17,15,'App\\Participant',NULL,'2020-08-12 08:41:48','2020-08-12 08:41:48'),(35,18,515,'App\\Participant',NULL,'2020-08-19 12:05:41','2020-08-19 12:05:41'),(36,18,8,'App\\Participant',NULL,'2020-08-19 12:05:41','2020-08-19 12:05:41');
/*!40000 ALTER TABLE `chat_participation` ENABLE KEYS */;
UNLOCK TABLES;

--
-- Table structure for table `competencies`
--

DROP TABLE IF EXISTS `competencies`;
/*!40101 SET @saved_cs_client     = @@character_set_client */;
/*!40101 SET character_set_client = utf8 */;
CREATE TABLE `competencies` (
  `id` int(10) unsigned NOT NULL AUTO_INCREMENT,
  `content` varchar(150) COLLATE utf8mb4_unicode_ci NOT NULL,
  `created_at` timestamp NULL DEFAULT NULL,
  `updated_at` timestamp NULL DEFAULT NULL,
  PRIMARY KEY (`id`)
) ENGINE=InnoDB AUTO_INCREMENT=152 DEFAULT CHARSET=utf8mb4 COLLATE=utf8mb4_unicode_ci;
/*!40101 SET character_set_client = @saved_cs_client */;

--
-- Dumping data for table `competencies`
--

LOCK TABLES `competencies` WRITE;
/*!40000 ALTER TABLE `competencies` DISABLE KEYS */;
INSERT INTO `competencies` VALUES (1,'Trieur de métaux','2020-04-05 21:09:02','2020-04-05 21:09:02'),(2,'Hôte de caisse','2020-04-05 21:09:02','2020-04-05 21:09:02'),(3,'Employé de snack-bar','2020-04-05 21:09:02','2020-04-05 21:09:02'),(4,'Verrier à main levée','2020-04-05 21:09:02','2020-04-05 21:09:02'),(5,'Fraiseur','2020-04-05 21:09:03','2020-04-05 21:09:03'),(6,'Instituteur','2020-04-05 21:09:03','2020-04-05 21:09:03'),(7,'Monteur audiovisuel','2020-04-05 21:09:03','2020-04-05 21:09:03'),(8,'Ingénieur du son','2020-04-05 21:09:03','2020-04-05 21:09:03'),(9,'Aide-déménageur','2020-04-05 21:09:03','2020-04-05 21:09:03'),(10,'Marbrier-poseur','2020-04-05 21:09:03','2020-04-05 21:09:03'),(11,'Parfumeur','2020-04-05 21:09:03','2020-04-05 21:09:03'),(12,'Garçon de hall','2020-04-05 21:09:03','2020-04-05 21:09:03'),(13,'Tôlier-traceur','2020-04-05 21:09:03','2020-04-05 21:09:03'),(14,'Etainier','2020-04-05 21:09:03','2020-04-05 21:09:03'),(15,'Bruiteur','2020-04-05 21:09:03','2020-04-05 21:09:03'),(16,'Instituteur','2020-04-05 21:09:03','2020-04-05 21:09:03'),(17,'Plaquiste enduiseur','2020-04-05 21:09:04','2020-04-05 21:09:04'),(18,'Praticiens médicaux','2020-04-05 21:09:04','2020-04-05 21:09:04'),(19,'Consultant ergonome','2020-04-05 21:09:04','2020-04-05 21:09:04'),(20,'Aide à domicile','2020-04-05 21:09:04','2020-04-05 21:09:04'),(21,'Parqueteur','2020-04-05 21:09:04','2020-04-05 21:09:04'),(22,'Vendeur en lingerie','2020-04-05 21:09:04','2020-04-05 21:09:04'),(23,'Régleur sur tour','2020-04-05 21:09:04','2020-04-05 21:09:04'),(24,'Ingénieur du son','2020-04-05 21:09:04','2020-04-05 21:09:04'),(25,'Promotion des ventes','2020-04-05 21:09:04','2020-04-05 21:09:04'),(26,'Technicien bovin','2020-04-05 21:09:04','2020-04-05 21:09:04'),(27,'Poissonnier-traiteur','2020-04-05 21:09:04','2020-04-05 21:09:04'),(28,'Aide couvreur','2020-04-05 21:09:05','2020-04-05 21:09:05'),(29,'Assistant logistique','2020-04-05 21:09:05','2020-04-05 21:09:05'),(30,'Maçon','2020-04-05 21:09:05','2020-04-05 21:09:05'),(31,'Technicien énergie','2020-04-05 21:09:05','2020-04-05 21:09:05'),(32,'Essayeur-retoucheur','2020-04-05 21:09:05','2020-04-05 21:09:05'),(33,'Agent d\'enquêtes','2020-04-05 21:09:05','2020-04-05 21:09:05'),(34,'Data manager','2020-04-05 21:09:05','2020-04-05 21:09:05'),(35,'Scripte télévision','2020-04-05 21:09:05','2020-04-05 21:09:05'),(36,'Monteur audiovisuel','2020-04-05 21:09:05','2020-04-05 21:09:05'),(37,'Pisteur secouriste','2020-04-05 21:09:05','2020-04-05 21:09:05'),(38,'Premier clerc','2020-04-05 21:09:05','2020-04-05 21:09:05'),(39,'Décorateur-costumier','2020-04-05 21:09:05','2020-04-05 21:09:05'),(40,'Médiateur judiciaire','2020-04-05 21:09:05','2020-04-05 21:09:05'),(41,'Etainier','2020-04-05 21:09:06','2020-04-05 21:09:06'),(42,'Téléconseiller','2020-04-05 21:09:06','2020-04-05 21:09:06'),(43,'Ambassadeur','2020-04-05 21:09:06','2020-04-05 21:09:06'),(44,'Aide à domicile','2020-04-05 21:09:06','2020-04-05 21:09:06'),(45,'Eleveur de chats','2020-04-05 21:09:06','2020-04-05 21:09:06'),(46,'Ingénieur géomètre','2020-04-05 21:09:06','2020-04-05 21:09:06'),(47,'Elagueur-botteur','2020-04-05 21:09:06','2020-04-05 21:09:06'),(48,'Garçon de hall','2020-04-05 21:09:06','2020-04-05 21:09:06'),(49,'Juriste financier','2020-04-05 21:09:06','2020-04-05 21:09:06'),(50,'Parqueteur','2020-04-05 21:09:06','2020-04-05 21:09:06'),(51,'Ingénieur géomètre','2020-04-05 21:09:06','2020-04-05 21:09:06'),(52,'Rippeur spectacle','2020-04-05 21:09:06','2020-04-05 21:09:06'),(53,'Bâtonnier d\'art','2020-04-05 21:09:07','2020-04-05 21:09:07'),(54,'Défloqueur d\'amiante','2020-04-05 21:09:07','2020-04-05 21:09:07'),(55,'Bâtonnier d\'art','2020-04-05 21:09:07','2020-04-05 21:09:07'),(56,'Terminologue','2020-04-05 21:09:07','2020-04-05 21:09:07'),(57,'Ingénieur géologue','2020-04-05 21:09:07','2020-04-05 21:09:07'),(58,'Carrier','2020-04-05 21:09:07','2020-04-05 21:09:07'),(59,'Pyrotechnicien','2020-04-05 21:09:07','2020-04-05 21:09:07'),(60,'Aide-déménageur','2020-04-05 21:09:07','2020-04-05 21:09:07'),(61,'Ingénieur bâtiment','2020-04-05 21:09:07','2020-04-05 21:09:07'),(62,'Conseiller funéraire','2020-04-05 21:09:07','2020-04-05 21:09:07'),(63,'Technicien plateau','2020-04-05 21:09:07','2020-04-05 21:09:07'),(64,'Billettiste voyages','2020-04-05 21:09:07','2020-04-05 21:09:07'),(65,'Parfumeur','2020-04-05 21:09:08','2020-04-05 21:09:08'),(66,'Conseiller funéraire','2020-04-05 21:09:08','2020-04-05 21:09:08'),(67,'Capitaine de pêche','2020-04-05 21:09:08','2020-04-05 21:09:08'),(68,'Sophrologue','2020-04-05 21:09:08','2020-04-05 21:09:08'),(69,'Piqueur en ganterie','2020-04-05 21:09:09','2020-04-05 21:09:09'),(70,'Monteur audiovisuel','2020-04-05 21:09:09','2020-04-05 21:09:09'),(71,'Aide-déménageur','2020-04-05 21:09:09','2020-04-05 21:09:09'),(72,'Pizzaïolo','2020-04-05 21:09:09','2020-04-05 21:09:09'),(73,'Pédicure pour bovin','2020-04-05 21:09:09','2020-04-05 21:09:09'),(74,'Toréro','2020-04-05 21:09:09','2020-04-05 21:09:09'),(75,'Surjeteur-raseur','2020-04-05 21:09:09','2020-04-05 21:09:09'),(76,'Ingénieur logistique','2020-04-05 21:09:09','2020-04-05 21:09:09'),(77,'Chef de fabrication','2020-04-05 21:09:09','2020-04-05 21:09:09'),(78,'Traffic manager','2020-04-05 21:09:09','2020-04-05 21:09:09'),(79,'Poseur de granit','2020-04-05 21:09:10','2020-04-05 21:09:10'),(80,'Preneur de son','2020-04-05 21:09:10','2020-04-05 21:09:10'),(81,'Ingénieur bâtiment','2020-04-05 21:09:10','2020-04-05 21:09:10'),(82,'Epithésiste','2020-04-05 21:09:10','2020-04-05 21:09:10'),(83,'Doreur sur métaux','2020-04-05 21:09:10','2020-04-05 21:09:10'),(84,'Assistant logistique','2020-04-05 21:09:10','2020-04-05 21:09:10'),(85,'Géodésien','2020-04-05 21:09:10','2020-04-05 21:09:10'),(86,'Décorateur-costumier','2020-04-05 21:09:10','2020-04-05 21:09:10'),(87,'Monteur de fermettes','2020-04-05 21:09:10','2020-04-05 21:09:10'),(88,'Scripte télévision','2020-04-05 21:09:10','2020-04-05 21:09:10'),(89,'Médiathécaire','2020-04-05 21:09:10','2020-04-05 21:09:10'),(90,'Foreur pétrole','2020-04-05 21:09:10','2020-04-05 21:09:10'),(91,'Agro-économiste','2020-04-05 21:09:11','2020-04-05 21:09:11'),(92,'Vidéo-jockey','2020-04-05 21:09:11','2020-04-05 21:09:11'),(93,'Juriste financier','2020-04-05 21:09:11','2020-04-05 21:09:11'),(94,'Preneur de son','2020-04-05 21:09:11','2020-04-05 21:09:11'),(95,'Monteur audiovisuel','2020-04-05 21:09:11','2020-04-05 21:09:11'),(96,'Garçon de chenil','2020-04-05 21:09:11','2020-04-05 21:09:11'),(97,'Conducteur de jumbo','2020-04-05 21:09:11','2020-04-05 21:09:11'),(98,'Diététique','2020-04-05 21:09:11','2020-04-05 21:09:11'),(99,'Kiwiculteur','2020-04-05 21:09:11','2020-04-05 21:09:11'),(100,'Monteur-frigoriste','2020-04-05 21:09:11','2020-04-05 21:09:11'),(101,'Staffeur','2020-04-05 21:09:11','2020-04-05 21:09:11'),(102,'Consultant ergonome','2020-04-05 21:09:11','2020-04-05 21:09:11'),(103,'Pédopsychiatre','2020-04-05 21:09:11','2020-04-05 21:09:11'),(104,'Verrier à main levée','2020-04-05 21:09:12','2020-04-05 21:09:12'),(105,'Désamianteur','2020-04-05 21:09:12','2020-04-05 21:09:12'),(106,'Premier clerc','2020-04-05 21:09:12','2020-04-05 21:09:12'),(107,'Expert back-office','2020-04-05 21:09:12','2020-04-05 21:09:12'),(108,'Toiliste','2020-04-05 21:09:12','2020-04-05 21:09:12'),(109,'Chef de scierie','2020-04-05 21:09:12','2020-04-05 21:09:12'),(110,'Pizzaïolo','2020-04-05 21:09:12','2020-04-05 21:09:12'),(111,'Médecin scolaire','2020-04-05 21:09:12','2020-04-05 21:09:12'),(112,'Ramasseur d\'endives','2020-04-05 21:09:12','2020-04-05 21:09:12'),(113,'Premier clerc','2020-04-05 21:09:12','2020-04-05 21:09:12'),(114,'Vendeur en épicerie','2020-04-05 21:09:12','2020-04-05 21:09:12'),(115,'Staffeur','2020-04-05 21:09:13','2020-04-05 21:09:13'),(116,'Chef monteur son','2020-04-05 21:09:13','2020-04-05 21:09:13'),(117,'Rogneur','2020-04-05 21:09:13','2020-04-05 21:09:13'),(118,'Développeur web','2020-04-05 21:09:13','2020-04-05 21:09:13'),(119,'Conception et études','2020-04-05 21:09:13','2020-04-05 21:09:13'),(120,'Rédacteur des débats','2020-04-05 21:09:13','2020-04-05 21:09:13'),(121,'Dégustateur','2020-04-05 21:09:13','2020-04-05 21:09:13'),(122,'Archéologue','2020-04-05 21:09:13','2020-04-05 21:09:13'),(123,'Essayeur-retoucheur','2020-04-05 21:09:13','2020-04-05 21:09:13'),(124,'Monteur de palettes','2020-04-05 21:09:13','2020-04-05 21:09:13'),(125,'Rédacteur des débats','2020-04-05 21:09:13','2020-04-05 21:09:13'),(126,'Bruiteur','2020-04-05 21:09:13','2020-04-05 21:09:13'),(127,'Lexicographe','2020-04-05 21:09:13','2020-04-05 21:09:13'),(128,'Récupérateur','2020-04-05 21:09:14','2020-04-05 21:09:14'),(129,'Aide à domicile','2020-04-05 21:09:14','2020-04-05 21:09:14'),(130,'Solier-moquettiste','2020-04-05 21:09:14','2020-04-05 21:09:14'),(131,'Pisteur secouriste','2020-04-05 21:09:14','2020-04-05 21:09:14'),(132,'Rogneur','2020-04-05 21:09:14','2020-04-05 21:09:14'),(133,'Artificier spectacle','2020-04-05 21:09:14','2020-04-05 21:09:14'),(134,'Chansonnier','2020-04-05 21:09:14','2020-04-05 21:09:14'),(135,'Délégué vétérinaire','2020-04-05 21:09:14','2020-04-05 21:09:14'),(136,'Ingénieur logistique','2020-04-05 21:09:14','2020-04-05 21:09:14'),(137,'Armurier d\'art','2020-04-05 21:09:14','2020-04-05 21:09:14'),(138,'Services funéraires','2020-04-05 21:09:15','2020-04-05 21:09:15'),(139,'Chanteur','2020-04-05 21:09:15','2020-04-05 21:09:15'),(140,'Aspigiculteur','2020-04-05 21:09:15','2020-04-05 21:09:15'),(141,'Agro-économiste','2020-04-05 21:09:15','2020-04-05 21:09:15'),(142,'Ramasseur d\'asperges','2020-04-05 21:09:15','2020-04-05 21:09:15'),(143,'Ouvrier serriste','2020-04-05 21:09:15','2020-04-05 21:09:15'),(144,'Moellonneur','2020-04-05 21:09:15','2020-04-05 21:09:15'),(145,'Moniteur de sport','2020-04-05 21:09:15','2020-04-05 21:09:15'),(146,'Staffeur','2020-04-05 21:09:15','2020-04-05 21:09:15'),(147,'Archéologue','2020-04-05 21:09:15','2020-04-05 21:09:15'),(148,'Moniteur de sport','2020-04-05 21:09:15','2020-04-05 21:09:15'),(149,'Promotion des ventes','2020-04-05 21:09:15','2020-04-05 21:09:15'),(150,'Régleur sur tour','2020-04-05 21:09:15','2020-04-05 21:09:15'),(151,'Hôte de caisse','2020-04-05 21:09:16','2020-04-05 21:09:16');
/*!40000 ALTER TABLE `competencies` ENABLE KEYS */;
UNLOCK TABLES;

--
-- Table structure for table `competencies_participants`
--

DROP TABLE IF EXISTS `competencies_participants`;
/*!40101 SET @saved_cs_client     = @@character_set_client */;
/*!40101 SET character_set_client = utf8 */;
CREATE TABLE `competencies_participants` (
  `id` int(10) unsigned NOT NULL AUTO_INCREMENT,
  `competency_id` int(10) unsigned NOT NULL,
  `participant_id` int(10) unsigned NOT NULL,
  `created_at` timestamp NULL DEFAULT NULL,
  `updated_at` timestamp NULL DEFAULT NULL,
  PRIMARY KEY (`id`),
  KEY `competencies_participants_competency_id_foreign` (`competency_id`),
  KEY `competencies_participants_participant_id_foreign` (`participant_id`),
  CONSTRAINT `competencies_participants_competency_id_foreign` FOREIGN KEY (`competency_id`) REFERENCES `competencies` (`id`) ON DELETE CASCADE,
  CONSTRAINT `competencies_participants_participant_id_foreign` FOREIGN KEY (`participant_id`) REFERENCES `participants` (`id`) ON DELETE CASCADE
) ENGINE=InnoDB AUTO_INCREMENT=509 DEFAULT CHARSET=utf8mb4 COLLATE=utf8mb4_unicode_ci;
/*!40101 SET character_set_client = @saved_cs_client */;

--
-- Dumping data for table `competencies_participants`
--

LOCK TABLES `competencies_participants` WRITE;
/*!40000 ALTER TABLE `competencies_participants` DISABLE KEYS */;
INSERT INTO `competencies_participants` VALUES (1,106,3,NULL,NULL),(2,54,4,NULL,NULL),(3,114,5,NULL,NULL),(4,124,6,NULL,NULL),(5,140,7,NULL,NULL),(6,37,8,NULL,NULL),(7,54,9,NULL,NULL),(8,19,10,NULL,NULL),(9,146,11,NULL,NULL),(10,47,12,NULL,NULL),(11,144,13,NULL,NULL),(12,80,14,NULL,NULL),(13,53,15,NULL,NULL),(14,93,16,NULL,NULL),(15,18,17,NULL,NULL),(16,46,18,NULL,NULL),(17,108,19,NULL,NULL),(18,97,20,NULL,NULL),(19,60,21,NULL,NULL),(20,148,22,NULL,NULL),(21,131,23,NULL,NULL),(22,75,24,NULL,NULL),(23,22,25,NULL,NULL),(24,17,26,NULL,NULL),(25,129,27,NULL,NULL),(26,66,28,NULL,NULL),(27,62,29,NULL,NULL),(28,70,30,NULL,NULL),(29,34,31,NULL,NULL),(30,35,32,NULL,NULL),(31,4,33,NULL,NULL),(32,75,34,NULL,NULL),(33,4,35,NULL,NULL),(34,127,36,NULL,NULL),(35,101,37,NULL,NULL),(36,128,38,NULL,NULL),(37,55,39,NULL,NULL),(38,142,40,NULL,NULL),(39,89,41,NULL,NULL),(40,88,42,NULL,NULL),(41,36,43,NULL,NULL),(42,61,44,NULL,NULL),(43,31,45,NULL,NULL),(44,96,46,NULL,NULL),(45,18,47,NULL,NULL),(46,88,48,NULL,NULL),(47,140,49,NULL,NULL),(48,69,50,NULL,NULL),(49,71,51,NULL,NULL),(50,41,52,NULL,NULL),(51,79,53,NULL,NULL),(52,108,54,NULL,NULL),(53,6,55,NULL,NULL),(54,36,56,NULL,NULL),(55,107,57,NULL,NULL),(56,57,58,NULL,NULL),(57,9,59,NULL,NULL),(58,130,60,NULL,NULL),(59,81,61,NULL,NULL),(60,59,62,NULL,NULL),(61,13,63,NULL,NULL),(62,63,64,NULL,NULL),(63,118,65,NULL,NULL),(64,67,66,NULL,NULL),(65,44,67,NULL,NULL),(66,45,68,NULL,NULL),(67,39,69,NULL,NULL),(68,101,70,NULL,NULL),(69,119,71,NULL,NULL),(70,16,72,NULL,NULL),(71,66,73,NULL,NULL),(72,109,74,NULL,NULL),(73,7,75,NULL,NULL),(74,80,76,NULL,NULL),(75,129,77,NULL,NULL),(76,67,78,NULL,NULL),(77,66,79,NULL,NULL),(78,30,80,NULL,NULL),(79,29,81,NULL,NULL),(80,29,82,NULL,NULL),(81,148,83,NULL,NULL),(82,84,84,NULL,NULL),(83,29,85,NULL,NULL),(84,6,86,NULL,NULL),(85,70,87,NULL,NULL),(86,119,88,NULL,NULL),(87,57,89,NULL,NULL),(88,4,90,NULL,NULL),(89,52,91,NULL,NULL),(90,106,92,NULL,NULL),(91,1,93,NULL,NULL),(92,127,94,NULL,NULL),(93,123,95,NULL,NULL),(94,43,96,NULL,NULL),(95,69,97,NULL,NULL),(96,89,98,NULL,NULL),(97,125,99,NULL,NULL),(98,52,100,NULL,NULL),(99,23,101,NULL,NULL),(100,53,102,NULL,NULL),(101,150,103,NULL,NULL),(102,63,104,NULL,NULL),(103,8,105,NULL,NULL),(104,35,106,NULL,NULL),(105,97,107,NULL,NULL),(106,22,108,NULL,NULL),(107,19,109,NULL,NULL),(108,128,110,NULL,NULL),(109,108,111,NULL,NULL),(110,149,112,NULL,NULL),(111,64,113,NULL,NULL),(112,78,114,NULL,NULL),(113,42,115,NULL,NULL),(114,2,116,NULL,NULL),(115,97,117,NULL,NULL),(116,71,118,NULL,NULL),(117,68,119,NULL,NULL),(118,43,120,NULL,NULL),(119,127,121,NULL,NULL),(120,94,122,NULL,NULL),(121,141,123,NULL,NULL),(122,106,124,NULL,NULL),(123,75,125,NULL,NULL),(124,96,126,NULL,NULL),(125,12,127,NULL,NULL),(126,115,128,NULL,NULL),(127,80,129,NULL,NULL),(128,150,130,NULL,NULL),(129,104,131,NULL,NULL),(130,88,132,NULL,NULL),(131,74,133,NULL,NULL),(132,48,134,NULL,NULL),(133,87,135,NULL,NULL),(134,21,136,NULL,NULL),(135,77,137,NULL,NULL),(136,54,138,NULL,NULL),(137,99,139,NULL,NULL),(138,26,140,NULL,NULL),(139,110,141,NULL,NULL),(140,39,142,NULL,NULL),(141,133,143,NULL,NULL),(142,104,144,NULL,NULL),(143,109,145,NULL,NULL),(144,75,146,NULL,NULL),(145,74,147,NULL,NULL),(146,121,148,NULL,NULL),(147,110,149,NULL,NULL),(148,91,150,NULL,NULL),(149,51,151,NULL,NULL),(150,141,152,NULL,NULL),(151,135,153,NULL,NULL),(152,74,154,NULL,NULL),(153,149,155,NULL,NULL),(154,78,156,NULL,NULL),(155,108,157,NULL,NULL),(156,116,158,NULL,NULL),(157,137,159,NULL,NULL),(158,113,160,NULL,NULL),(159,47,161,NULL,NULL),(160,28,162,NULL,NULL),(161,72,163,NULL,NULL),(162,73,164,NULL,NULL),(163,48,165,NULL,NULL),(164,109,166,NULL,NULL),(165,31,167,NULL,NULL),(166,33,168,NULL,NULL),(167,81,169,NULL,NULL),(168,33,170,NULL,NULL),(169,11,171,NULL,NULL),(170,67,172,NULL,NULL),(171,8,173,NULL,NULL),(172,55,174,NULL,NULL),(173,49,175,NULL,NULL),(174,88,176,NULL,NULL),(175,102,177,NULL,NULL),(176,124,178,NULL,NULL),(177,101,179,NULL,NULL),(178,21,180,NULL,NULL),(179,106,181,NULL,NULL),(180,85,182,NULL,NULL),(181,2,183,NULL,NULL),(182,85,184,NULL,NULL),(183,72,185,NULL,NULL),(184,104,186,NULL,NULL),(185,23,187,NULL,NULL),(186,116,188,NULL,NULL),(187,7,189,NULL,NULL),(188,60,190,NULL,NULL),(189,124,191,NULL,NULL),(190,144,192,NULL,NULL),(191,118,193,NULL,NULL),(192,107,194,NULL,NULL),(193,88,195,NULL,NULL),(194,39,196,NULL,NULL),(195,123,197,NULL,NULL),(196,96,198,NULL,NULL),(197,86,199,NULL,NULL),(198,145,200,NULL,NULL),(199,63,201,NULL,NULL),(200,42,202,NULL,NULL),(201,125,203,NULL,NULL),(202,150,204,NULL,NULL),(203,65,205,NULL,NULL),(204,74,206,NULL,NULL),(205,139,207,NULL,NULL),(206,151,208,NULL,NULL),(207,28,209,NULL,NULL),(208,24,210,NULL,NULL),(209,48,211,NULL,NULL),(210,118,212,NULL,NULL),(211,65,213,NULL,NULL),(212,69,214,NULL,NULL),(213,58,215,NULL,NULL),(214,107,216,NULL,NULL),(215,102,217,NULL,NULL),(216,20,218,NULL,NULL),(217,131,219,NULL,NULL),(218,91,220,NULL,NULL),(219,97,221,NULL,NULL),(220,25,222,NULL,NULL),(221,81,223,NULL,NULL),(222,124,224,NULL,NULL),(223,52,225,NULL,NULL),(224,139,226,NULL,NULL),(225,107,227,NULL,NULL),(226,106,228,NULL,NULL),(227,37,229,NULL,NULL),(228,62,230,NULL,NULL),(229,91,231,NULL,NULL),(230,54,232,NULL,NULL),(231,44,233,NULL,NULL),(232,64,234,NULL,NULL),(233,89,235,NULL,NULL),(234,94,236,NULL,NULL),(235,80,237,NULL,NULL),(236,20,238,NULL,NULL),(237,51,239,NULL,NULL),(238,141,240,NULL,NULL),(239,87,241,NULL,NULL),(240,49,242,NULL,NULL),(241,115,243,NULL,NULL),(242,77,244,NULL,NULL),(243,134,245,NULL,NULL),(244,117,246,NULL,NULL),(245,111,247,NULL,NULL),(246,90,248,NULL,NULL),(247,85,249,NULL,NULL),(248,46,250,NULL,NULL),(249,58,251,NULL,NULL),(250,60,252,NULL,NULL),(251,133,253,NULL,NULL),(252,125,254,NULL,NULL),(253,7,255,NULL,NULL),(254,42,256,NULL,NULL),(255,83,257,NULL,NULL),(256,120,258,NULL,NULL),(257,105,259,NULL,NULL),(258,112,260,NULL,NULL),(259,55,261,NULL,NULL),(260,92,262,NULL,NULL),(261,12,263,NULL,NULL),(262,96,264,NULL,NULL),(263,108,265,NULL,NULL),(264,73,266,NULL,NULL),(265,17,267,NULL,NULL),(266,36,268,NULL,NULL),(267,56,269,NULL,NULL),(268,138,270,NULL,NULL),(269,53,271,NULL,NULL),(270,149,272,NULL,NULL),(271,150,273,NULL,NULL),(272,90,274,NULL,NULL),(273,29,275,NULL,NULL),(274,72,276,NULL,NULL),(275,146,277,NULL,NULL),(276,45,278,NULL,NULL),(277,115,279,NULL,NULL),(278,42,280,NULL,NULL),(279,105,281,NULL,NULL),(280,10,282,NULL,NULL),(281,9,283,NULL,NULL),(282,99,284,NULL,NULL),(283,89,285,NULL,NULL),(284,88,286,NULL,NULL),(285,64,287,NULL,NULL),(286,8,288,NULL,NULL),(287,45,289,NULL,NULL),(288,143,290,NULL,NULL),(289,41,291,NULL,NULL),(290,112,292,NULL,NULL),(291,41,293,NULL,NULL),(292,8,294,NULL,NULL),(293,38,295,NULL,NULL),(294,69,296,NULL,NULL),(295,53,297,NULL,NULL),(296,136,298,NULL,NULL),(297,112,299,NULL,NULL),(298,79,300,NULL,NULL),(299,48,301,NULL,NULL),(300,127,302,NULL,NULL),(301,63,303,NULL,NULL),(302,109,304,NULL,NULL),(303,61,305,NULL,NULL),(304,52,306,NULL,NULL),(305,42,307,NULL,NULL),(306,128,308,NULL,NULL),(307,27,309,NULL,NULL),(308,120,310,NULL,NULL),(309,69,311,NULL,NULL),(310,132,312,NULL,NULL),(311,129,313,NULL,NULL),(312,91,314,NULL,NULL),(313,43,315,NULL,NULL),(314,147,316,NULL,NULL),(315,19,317,NULL,NULL),(316,103,318,NULL,NULL),(317,22,319,NULL,NULL),(318,101,320,NULL,NULL),(319,13,321,NULL,NULL),(320,123,322,NULL,NULL),(321,46,323,NULL,NULL),(322,51,324,NULL,NULL),(323,49,325,NULL,NULL),(324,145,326,NULL,NULL),(325,147,327,NULL,NULL),(326,6,328,NULL,NULL),(327,103,329,NULL,NULL),(328,113,330,NULL,NULL),(329,121,331,NULL,NULL),(330,144,332,NULL,NULL),(331,127,333,NULL,NULL),(332,118,334,NULL,NULL),(333,2,335,NULL,NULL),(334,50,336,NULL,NULL),(335,7,337,NULL,NULL),(336,125,338,NULL,NULL),(337,130,339,NULL,NULL),(338,134,340,NULL,NULL),(339,49,341,NULL,NULL),(340,142,342,NULL,NULL),(341,38,343,NULL,NULL),(342,63,344,NULL,NULL),(343,64,345,NULL,NULL),(344,28,346,NULL,NULL),(345,51,347,NULL,NULL),(346,41,348,NULL,NULL),(347,148,349,NULL,NULL),(348,115,350,NULL,NULL),(349,122,351,NULL,NULL),(350,52,352,NULL,NULL),(351,14,353,NULL,NULL),(352,47,354,NULL,NULL),(353,124,355,NULL,NULL),(354,44,356,NULL,NULL),(355,120,357,NULL,NULL),(356,148,358,NULL,NULL),(357,122,359,NULL,NULL),(358,102,360,NULL,NULL),(359,79,361,NULL,NULL),(360,139,362,NULL,NULL),(361,137,363,NULL,NULL),(362,148,364,NULL,NULL),(363,82,365,NULL,NULL),(364,121,366,NULL,NULL),(365,82,367,NULL,NULL),(366,44,368,NULL,NULL),(367,79,369,NULL,NULL),(368,129,370,NULL,NULL),(369,16,371,NULL,NULL),(370,32,372,NULL,NULL),(371,27,373,NULL,NULL),(372,44,374,NULL,NULL),(373,76,375,NULL,NULL),(374,10,376,NULL,NULL),(375,114,377,NULL,NULL),(376,120,378,NULL,NULL),(377,58,379,NULL,NULL),(378,144,380,NULL,NULL),(379,5,381,NULL,NULL),(380,21,382,NULL,NULL),(381,88,383,NULL,NULL),(382,37,384,NULL,NULL),(383,102,385,NULL,NULL),(384,43,386,NULL,NULL),(385,80,387,NULL,NULL),(386,127,388,NULL,NULL),(387,30,389,NULL,NULL),(388,106,390,NULL,NULL),(389,129,391,NULL,NULL),(390,71,392,NULL,NULL),(391,122,393,NULL,NULL),(392,41,394,NULL,NULL),(393,129,395,NULL,NULL),(394,38,396,NULL,NULL),(395,116,397,NULL,NULL),(396,75,398,NULL,NULL),(397,90,399,NULL,NULL),(398,5,400,NULL,NULL),(399,69,401,NULL,NULL),(400,104,402,NULL,NULL),(401,139,403,NULL,NULL),(402,131,404,NULL,NULL),(403,10,405,NULL,NULL),(404,119,406,NULL,NULL),(405,134,407,NULL,NULL),(406,21,408,NULL,NULL),(407,136,409,NULL,NULL),(408,79,410,NULL,NULL),(409,40,411,NULL,NULL),(410,45,412,NULL,NULL),(411,80,413,NULL,NULL),(412,79,414,NULL,NULL),(413,37,415,NULL,NULL),(414,111,416,NULL,NULL),(415,35,417,NULL,NULL),(416,42,418,NULL,NULL),(417,117,419,NULL,NULL),(418,48,420,NULL,NULL),(419,76,421,NULL,NULL),(420,127,422,NULL,NULL),(421,47,423,NULL,NULL),(422,137,424,NULL,NULL),(423,113,425,NULL,NULL),(424,105,426,NULL,NULL),(425,10,427,NULL,NULL),(426,141,428,NULL,NULL),(427,133,429,NULL,NULL),(428,3,430,NULL,NULL),(429,15,431,NULL,NULL),(430,143,432,NULL,NULL),(431,57,433,NULL,NULL),(432,9,434,NULL,NULL),(433,71,435,NULL,NULL),(434,94,436,NULL,NULL),(435,134,437,NULL,NULL),(436,48,438,NULL,NULL),(437,151,439,NULL,NULL),(438,97,440,NULL,NULL),(439,110,441,NULL,NULL),(440,122,442,NULL,NULL),(441,137,443,NULL,NULL),(442,24,444,NULL,NULL),(443,117,445,NULL,NULL),(444,99,446,NULL,NULL),(445,114,447,NULL,NULL),(446,50,448,NULL,NULL),(447,94,449,NULL,NULL),(448,3,450,NULL,NULL),(449,111,451,NULL,NULL),(450,143,452,NULL,NULL),(451,41,453,NULL,NULL),(452,9,454,NULL,NULL),(453,114,455,NULL,NULL),(454,92,456,NULL,NULL),(455,94,457,NULL,NULL),(456,71,458,NULL,NULL),(457,68,459,NULL,NULL),(458,67,460,NULL,NULL),(459,50,461,NULL,NULL),(460,59,462,NULL,NULL),(461,58,463,NULL,NULL),(462,109,464,NULL,NULL),(463,137,465,NULL,NULL),(464,50,466,NULL,NULL),(465,44,467,NULL,NULL),(466,41,468,NULL,NULL),(467,79,469,NULL,NULL),(468,21,470,NULL,NULL),(469,22,471,NULL,NULL),(470,75,472,NULL,NULL),(471,141,473,NULL,NULL),(472,142,474,NULL,NULL),(473,79,475,NULL,NULL),(474,38,476,NULL,NULL),(475,16,477,NULL,NULL),(476,134,478,NULL,NULL),(477,12,479,NULL,NULL),(478,16,480,NULL,NULL),(479,86,481,NULL,NULL),(480,118,482,NULL,NULL),(481,81,483,NULL,NULL),(482,104,484,NULL,NULL),(483,151,485,NULL,NULL),(484,65,486,NULL,NULL),(485,114,487,NULL,NULL),(486,17,488,NULL,NULL),(487,129,489,NULL,NULL),(488,136,490,NULL,NULL),(489,60,491,NULL,NULL),(490,24,492,NULL,NULL),(491,105,493,NULL,NULL),(492,113,494,NULL,NULL),(493,105,495,NULL,NULL),(494,1,496,NULL,NULL),(495,116,497,NULL,NULL),(496,149,498,NULL,NULL),(497,66,499,NULL,NULL),(498,47,500,NULL,NULL),(499,48,501,NULL,NULL),(500,104,502,NULL,NULL),(501,150,503,NULL,NULL),(504,25,508,NULL,NULL),(505,57,508,NULL,NULL),(506,25,508,NULL,NULL),(507,57,508,NULL,NULL),(508,5,511,NULL,NULL);
/*!40000 ALTER TABLE `competencies_participants` ENABLE KEYS */;
UNLOCK TABLES;

--
-- Table structure for table `exponent_teams`
--

DROP TABLE IF EXISTS `exponent_teams`;
/*!40101 SET @saved_cs_client     = @@character_set_client */;
/*!40101 SET character_set_client = utf8 */;
CREATE TABLE `exponent_teams` (
  `id` int(10) unsigned NOT NULL AUTO_INCREMENT,
  `last_name` varchar(255) COLLATE utf8mb4_unicode_ci NOT NULL,
  `first_name` varchar(255) COLLATE utf8mb4_unicode_ci DEFAULT NULL,
  `status` varchar(255) COLLATE utf8mb4_unicode_ci NOT NULL,
  `gender` varchar(255) COLLATE utf8mb4_unicode_ci DEFAULT NULL,
  `created_at` timestamp NULL DEFAULT NULL,
  `updated_at` timestamp NULL DEFAULT NULL,
  `exponent_id` int(10) unsigned NOT NULL,
  PRIMARY KEY (`id`),
  KEY `exponent_teams_exponent_id_foreign` (`exponent_id`),
  CONSTRAINT `exponent_teams_exponent_id_foreign` FOREIGN KEY (`exponent_id`) REFERENCES `exponents` (`id`)
) ENGINE=InnoDB DEFAULT CHARSET=utf8mb4 COLLATE=utf8mb4_unicode_ci;
/*!40101 SET character_set_client = @saved_cs_client */;

--
-- Dumping data for table `exponent_teams`
--

LOCK TABLES `exponent_teams` WRITE;
/*!40000 ALTER TABLE `exponent_teams` DISABLE KEYS */;
/*!40000 ALTER TABLE `exponent_teams` ENABLE KEYS */;
UNLOCK TABLES;

--
-- Table structure for table `exponents`
--

DROP TABLE IF EXISTS `exponents`;
/*!40101 SET @saved_cs_client     = @@character_set_client */;
/*!40101 SET character_set_client = utf8 */;
CREATE TABLE `exponents` (
  `id` int(10) unsigned NOT NULL AUTO_INCREMENT,
  `name` varchar(255) COLLATE utf8mb4_unicode_ci NOT NULL,
  `subject` varchar(255) COLLATE utf8mb4_unicode_ci NOT NULL,
  `website` varchar(255) COLLATE utf8mb4_unicode_ci DEFAULT NULL,
  `phone_number` varchar(255) COLLATE utf8mb4_unicode_ci NOT NULL,
  `image` varchar(255) COLLATE utf8mb4_unicode_ci DEFAULT NULL,
  `description` text COLLATE utf8mb4_unicode_ci,
  `enterprise_name` varchar(255) COLLATE utf8mb4_unicode_ci DEFAULT NULL,
  `created_at` timestamp NULL DEFAULT NULL,
  `updated_at` timestamp NULL DEFAULT NULL,
  PRIMARY KEY (`id`)
) ENGINE=InnoDB DEFAULT CHARSET=utf8mb4 COLLATE=utf8mb4_unicode_ci;
/*!40101 SET character_set_client = @saved_cs_client */;

--
-- Dumping data for table `exponents`
--

LOCK TABLES `exponents` WRITE;
/*!40000 ALTER TABLE `exponents` DISABLE KEYS */;
/*!40000 ALTER TABLE `exponents` ENABLE KEYS */;
UNLOCK TABLES;

--
-- Table structure for table `failed_jobs`
--

DROP TABLE IF EXISTS `failed_jobs`;
/*!40101 SET @saved_cs_client     = @@character_set_client */;
/*!40101 SET character_set_client = utf8 */;
CREATE TABLE `failed_jobs` (
  `id` bigint(20) unsigned NOT NULL AUTO_INCREMENT,
  `connection` text COLLATE utf8mb4_unicode_ci NOT NULL,
  `queue` text COLLATE utf8mb4_unicode_ci NOT NULL,
  `payload` longtext COLLATE utf8mb4_unicode_ci NOT NULL,
  `exception` longtext COLLATE utf8mb4_unicode_ci NOT NULL,
  `failed_at` timestamp NOT NULL DEFAULT CURRENT_TIMESTAMP,
  PRIMARY KEY (`id`)
) ENGINE=InnoDB DEFAULT CHARSET=utf8mb4 COLLATE=utf8mb4_unicode_ci;
/*!40101 SET character_set_client = @saved_cs_client */;

--
-- Dumping data for table `failed_jobs`
--

LOCK TABLES `failed_jobs` WRITE;
/*!40000 ALTER TABLE `failed_jobs` DISABLE KEYS */;
/*!40000 ALTER TABLE `failed_jobs` ENABLE KEYS */;
UNLOCK TABLES;

--
-- Table structure for table `interests`
--

DROP TABLE IF EXISTS `interests`;
/*!40101 SET @saved_cs_client     = @@character_set_client */;
/*!40101 SET character_set_client = utf8 */;
CREATE TABLE `interests` (
  `id` int(10) unsigned NOT NULL AUTO_INCREMENT,
  `content` varchar(150) COLLATE utf8mb4_unicode_ci NOT NULL,
  `created_at` timestamp NULL DEFAULT NULL,
  `updated_at` timestamp NULL DEFAULT NULL,
  PRIMARY KEY (`id`)
) ENGINE=InnoDB AUTO_INCREMENT=152 DEFAULT CHARSET=utf8mb4 COLLATE=utf8mb4_unicode_ci;
/*!40101 SET character_set_client = @saved_cs_client */;

--
-- Dumping data for table `interests`
--

LOCK TABLES `interests` WRITE;
/*!40000 ALTER TABLE `interests` DISABLE KEYS */;
INSERT INTO `interests` VALUES (1,'Pontonnier','2020-04-05 21:09:02','2020-04-05 21:09:02'),(2,'Façadier-bardeur','2020-04-05 21:09:02','2020-04-05 21:09:02'),(3,'Appareilleur-gazier','2020-04-05 21:09:02','2020-04-05 21:09:02'),(4,'Matelassier','2020-04-05 21:09:03','2020-04-05 21:09:03'),(5,'Logopède','2020-04-05 21:09:03','2020-04-05 21:09:03'),(6,'Cueilleur de cerises','2020-04-05 21:09:03','2020-04-05 21:09:03'),(7,'Développeur web','2020-04-05 21:09:03','2020-04-05 21:09:03'),(8,'Plaquiste enduiseur','2020-04-05 21:09:03','2020-04-05 21:09:03'),(9,'Verrier à la main','2020-04-05 21:09:03','2020-04-05 21:09:03'),(10,'Liftier','2020-04-05 21:09:03','2020-04-05 21:09:03'),(11,'Facteur de clavecins','2020-04-05 21:09:03','2020-04-05 21:09:03'),(12,'Monteur audiovisuel','2020-04-05 21:09:03','2020-04-05 21:09:03'),(13,'Conducteur de jumbo','2020-04-05 21:09:03','2020-04-05 21:09:03'),(14,'Assurance','2020-04-05 21:09:03','2020-04-05 21:09:03'),(15,'Quincaillier','2020-04-05 21:09:03','2020-04-05 21:09:03'),(16,'Pédopsychiatre','2020-04-05 21:09:03','2020-04-05 21:09:03'),(17,'Scripte télévision','2020-04-05 21:09:04','2020-04-05 21:09:04'),(18,'Preneur de son','2020-04-05 21:09:04','2020-04-05 21:09:04'),(19,'Fossoyeur','2020-04-05 21:09:04','2020-04-05 21:09:04'),(20,'Chef géographe','2020-04-05 21:09:04','2020-04-05 21:09:04'),(21,'Employé de snack-bar','2020-04-05 21:09:04','2020-04-05 21:09:04'),(22,'Ambassadeur','2020-04-05 21:09:04','2020-04-05 21:09:04'),(23,'Géomètre','2020-04-05 21:09:04','2020-04-05 21:09:04'),(24,'Menuisier','2020-04-05 21:09:04','2020-04-05 21:09:04'),(25,'Maïeuticien','2020-04-05 21:09:04','2020-04-05 21:09:04'),(26,'Hématologue','2020-04-05 21:09:04','2020-04-05 21:09:04'),(27,'Porion','2020-04-05 21:09:04','2020-04-05 21:09:04'),(28,'Monteur de fermettes','2020-04-05 21:09:05','2020-04-05 21:09:05'),(29,'Elastiqueur','2020-04-05 21:09:05','2020-04-05 21:09:05'),(30,'Chasseur-bagagiste','2020-04-05 21:09:05','2020-04-05 21:09:05'),(31,'Scénariste','2020-04-05 21:09:05','2020-04-05 21:09:05'),(32,'Conseiller funéraire','2020-04-05 21:09:05','2020-04-05 21:09:05'),(33,'Gynécologue','2020-04-05 21:09:05','2020-04-05 21:09:05'),(34,'Costumier-habilleur','2020-04-05 21:09:05','2020-04-05 21:09:05'),(35,'Revenue Manager','2020-04-05 21:09:05','2020-04-05 21:09:05'),(36,'Caviste','2020-04-05 21:09:05','2020-04-05 21:09:05'),(37,'Marbrier-poseur','2020-04-05 21:09:05','2020-04-05 21:09:05'),(38,'Portier','2020-04-05 21:09:05','2020-04-05 21:09:05'),(39,'Cueilleur de cerises','2020-04-05 21:09:05','2020-04-05 21:09:05'),(40,'Scripte télévision','2020-04-05 21:09:06','2020-04-05 21:09:06'),(41,'Eleveur de chats','2020-04-05 21:09:06','2020-04-05 21:09:06'),(42,'Essayeur-retoucheur','2020-04-05 21:09:06','2020-04-05 21:09:06'),(43,'Employé de snack-bar','2020-04-05 21:09:06','2020-04-05 21:09:06'),(44,'Agent d\'accueil','2020-04-05 21:09:06','2020-04-05 21:09:06'),(45,'Conception et études','2020-04-05 21:09:06','2020-04-05 21:09:06'),(46,'Géodésien','2020-04-05 21:09:06','2020-04-05 21:09:06'),(47,'Ecotoxicologue','2020-04-05 21:09:06','2020-04-05 21:09:06'),(48,'Logistique','2020-04-05 21:09:06','2020-04-05 21:09:06'),(49,'Jointeur de placage','2020-04-05 21:09:06','2020-04-05 21:09:06'),(50,'Juriste financier','2020-04-05 21:09:06','2020-04-05 21:09:06'),(51,'Etainier','2020-04-05 21:09:06','2020-04-05 21:09:06'),(52,'Rogneur','2020-04-05 21:09:07','2020-04-05 21:09:07'),(53,'Expert back-office','2020-04-05 21:09:07','2020-04-05 21:09:07'),(54,'Copiste offset','2020-04-05 21:09:07','2020-04-05 21:09:07'),(55,'Monteur en siège','2020-04-05 21:09:07','2020-04-05 21:09:07'),(56,'Gérant de tutelle','2020-04-05 21:09:07','2020-04-05 21:09:07'),(57,'Pareur en abattoir','2020-04-05 21:09:07','2020-04-05 21:09:07'),(58,'Eleveur de chats','2020-04-05 21:09:07','2020-04-05 21:09:07'),(59,'Marbrier-poseur','2020-04-05 21:09:07','2020-04-05 21:09:07'),(60,'Hydrothérapie','2020-04-05 21:09:07','2020-04-05 21:09:07'),(61,'Endivier','2020-04-05 21:09:07','2020-04-05 21:09:07'),(62,'Story boarder','2020-04-05 21:09:07','2020-04-05 21:09:07'),(63,'Conseiller culinaire','2020-04-05 21:09:07','2020-04-05 21:09:07'),(64,'Façadier-ravaleur','2020-04-05 21:09:08','2020-04-05 21:09:08'),(65,'Comptable unique','2020-04-05 21:09:08','2020-04-05 21:09:08'),(66,'Conducteur de jumbo','2020-04-05 21:09:08','2020-04-05 21:09:08'),(67,'Mouleur sable','2020-04-05 21:09:08','2020-04-05 21:09:08'),(68,'Pontonnier','2020-04-05 21:09:08','2020-04-05 21:09:08'),(69,'Géomètre du cadastre','2020-04-05 21:09:09','2020-04-05 21:09:09'),(70,'Matelassier','2020-04-05 21:09:09','2020-04-05 21:09:09'),(71,'Ouvrier d\'abattoir','2020-04-05 21:09:09','2020-04-05 21:09:09'),(72,'Aspigiculteur','2020-04-05 21:09:09','2020-04-05 21:09:09'),(73,'Commis de coupe','2020-04-05 21:09:09','2020-04-05 21:09:09'),(74,'Conception et études','2020-04-05 21:09:09','2020-04-05 21:09:09'),(75,'Porteur de journaux','2020-04-05 21:09:09','2020-04-05 21:09:09'),(76,'Miroitier','2020-04-05 21:09:09','2020-04-05 21:09:09'),(77,'Conseiller relooking','2020-04-05 21:09:09','2020-04-05 21:09:09'),(78,'Palefrenier','2020-04-05 21:09:10','2020-04-05 21:09:10'),(79,'Fraiseur','2020-04-05 21:09:10','2020-04-05 21:09:10'),(80,'Facteur','2020-04-05 21:09:10','2020-04-05 21:09:10'),(81,'Médecin du sport','2020-04-05 21:09:10','2020-04-05 21:09:10'),(82,'Monteur-frigoriste','2020-04-05 21:09:10','2020-04-05 21:09:10'),(83,'Endocrinologue','2020-04-05 21:09:10','2020-04-05 21:09:10'),(84,'Costumier-habilleur','2020-04-05 21:09:10','2020-04-05 21:09:10'),(85,'Moellonneur','2020-04-05 21:09:10','2020-04-05 21:09:10'),(86,'Vendeur en lingerie','2020-04-05 21:09:10','2020-04-05 21:09:10'),(87,'Vitrier','2020-04-05 21:09:10','2020-04-05 21:09:10'),(88,'Employé d\'accueil','2020-04-05 21:09:10','2020-04-05 21:09:10'),(89,'Percepteur','2020-04-05 21:09:10','2020-04-05 21:09:10'),(90,'Artiste dramatique','2020-04-05 21:09:11','2020-04-05 21:09:11'),(91,'Porion','2020-04-05 21:09:11','2020-04-05 21:09:11'),(92,'Stucateur','2020-04-05 21:09:11','2020-04-05 21:09:11'),(93,'Expert back-office','2020-04-05 21:09:11','2020-04-05 21:09:11'),(94,'Hématologue','2020-04-05 21:09:11','2020-04-05 21:09:11'),(95,'Relieur-doreur','2020-04-05 21:09:11','2020-04-05 21:09:11'),(96,'Net surfeur surfeuse','2020-04-05 21:09:11','2020-04-05 21:09:11'),(97,'Diététicien conseil','2020-04-05 21:09:11','2020-04-05 21:09:11'),(98,'Agent d\'entreposage','2020-04-05 21:09:11','2020-04-05 21:09:11'),(99,'Conseiller culinaire','2020-04-05 21:09:11','2020-04-05 21:09:11'),(100,'Défloqueur d\'amiante','2020-04-05 21:09:11','2020-04-05 21:09:11'),(101,'Conducteur de jumbo','2020-04-05 21:09:11','2020-04-05 21:09:11'),(102,'Extraction','2020-04-05 21:09:11','2020-04-05 21:09:11'),(103,'Commandant de police','2020-04-05 21:09:12','2020-04-05 21:09:12'),(104,'Extraction','2020-04-05 21:09:12','2020-04-05 21:09:12'),(105,'Corniste','2020-04-05 21:09:12','2020-04-05 21:09:12'),(106,'Dee-jay','2020-04-05 21:09:12','2020-04-05 21:09:12'),(107,'Coach sportif','2020-04-05 21:09:12','2020-04-05 21:09:12'),(108,'Employé d\'accueil','2020-04-05 21:09:12','2020-04-05 21:09:12'),(109,'Technicien agricole','2020-04-05 21:09:12','2020-04-05 21:09:12'),(110,'Chargé de recherche','2020-04-05 21:09:12','2020-04-05 21:09:12'),(111,'Moellonneur','2020-04-05 21:09:12','2020-04-05 21:09:12'),(112,'Billettiste voyages','2020-04-05 21:09:12','2020-04-05 21:09:12'),(113,'Eleveur de chats','2020-04-05 21:09:12','2020-04-05 21:09:12'),(114,'Capitaine de pêche','2020-04-05 21:09:12','2020-04-05 21:09:12'),(115,'Etancheur-bardeur','2020-04-05 21:09:13','2020-04-05 21:09:13'),(116,'Solier-moquettiste','2020-04-05 21:09:13','2020-04-05 21:09:13'),(117,'Terminologue','2020-04-05 21:09:13','2020-04-05 21:09:13'),(118,'Responsable de salle','2020-04-05 21:09:13','2020-04-05 21:09:13'),(119,'Médecin du sport','2020-04-05 21:09:13','2020-04-05 21:09:13'),(120,'Gérant d\'hôtel','2020-04-05 21:09:13','2020-04-05 21:09:13'),(121,'Ramasseur d\'asperges','2020-04-05 21:09:13','2020-04-05 21:09:13'),(122,'Maïeuticien','2020-04-05 21:09:13','2020-04-05 21:09:13'),(123,'Assistant de justice','2020-04-05 21:09:13','2020-04-05 21:09:13'),(124,'Fraiseur mouliste','2020-04-05 21:09:13','2020-04-05 21:09:13'),(125,'Litigeur transport','2020-04-05 21:09:13','2020-04-05 21:09:13'),(126,'Opérateur vidéo','2020-04-05 21:09:13','2020-04-05 21:09:13'),(127,'Recherche','2020-04-05 21:09:14','2020-04-05 21:09:14'),(128,'Coffreur-ferrailleur','2020-04-05 21:09:14','2020-04-05 21:09:14'),(129,'Plisseur','2020-04-05 21:09:14','2020-04-05 21:09:14'),(130,'Toiliste','2020-04-05 21:09:14','2020-04-05 21:09:14'),(131,'Recuiseur','2020-04-05 21:09:14','2020-04-05 21:09:14'),(132,'Topographe','2020-04-05 21:09:14','2020-04-05 21:09:14'),(133,'Vidéo-jockey','2020-04-05 21:09:14','2020-04-05 21:09:14'),(134,'Technicien géomètre','2020-04-05 21:09:14','2020-04-05 21:09:14'),(135,'Menuisier','2020-04-05 21:09:14','2020-04-05 21:09:14'),(136,'Verrier à la calotte','2020-04-05 21:09:14','2020-04-05 21:09:14'),(137,'Maquilleur spectacle','2020-04-05 21:09:15','2020-04-05 21:09:15'),(138,'Verrier d\'art','2020-04-05 21:09:15','2020-04-05 21:09:15'),(139,'Assurance','2020-04-05 21:09:15','2020-04-05 21:09:15'),(140,'Mannequin détail','2020-04-05 21:09:15','2020-04-05 21:09:15'),(141,'Dégustateur','2020-04-05 21:09:15','2020-04-05 21:09:15'),(142,'Instituteur','2020-04-05 21:09:15','2020-04-05 21:09:15'),(143,'Scripte télévision','2020-04-05 21:09:15','2020-04-05 21:09:15'),(144,'Semencier','2020-04-05 21:09:15','2020-04-05 21:09:15'),(145,'Finance','2020-04-05 21:09:15','2020-04-05 21:09:15'),(146,'Opérateur de plateau','2020-04-05 21:09:15','2020-04-05 21:09:15'),(147,'Commandant de police','2020-04-05 21:09:15','2020-04-05 21:09:15'),(148,'Vitrier','2020-04-05 21:09:15','2020-04-05 21:09:15'),(149,'Pilote automobile','2020-04-05 21:09:15','2020-04-05 21:09:15'),(150,'Etancheur-bardeur','2020-04-05 21:09:16','2020-04-05 21:09:16'),(151,'Diététique','2020-04-05 21:09:16','2020-04-05 21:09:16');
/*!40000 ALTER TABLE `interests` ENABLE KEYS */;
UNLOCK TABLES;

--
-- Table structure for table `interests_participants`
--

DROP TABLE IF EXISTS `interests_participants`;
/*!40101 SET @saved_cs_client     = @@character_set_client */;
/*!40101 SET character_set_client = utf8 */;
CREATE TABLE `interests_participants` (
  `id` int(10) unsigned NOT NULL AUTO_INCREMENT,
  `interest_id` int(10) unsigned NOT NULL,
  `participant_id` int(10) unsigned NOT NULL,
  `created_at` timestamp NULL DEFAULT NULL,
  `updated_at` timestamp NULL DEFAULT NULL,
  PRIMARY KEY (`id`),
  KEY `interests_participants_participant_id_foreign` (`participant_id`),
  KEY `interests_participants_interest_id_foreign` (`interest_id`),
  CONSTRAINT `interests_participants_interest_id_foreign` FOREIGN KEY (`interest_id`) REFERENCES `interests` (`id`) ON DELETE CASCADE,
  CONSTRAINT `interests_participants_participant_id_foreign` FOREIGN KEY (`participant_id`) REFERENCES `participants` (`id`) ON DELETE CASCADE
) ENGINE=InnoDB AUTO_INCREMENT=508 DEFAULT CHARSET=utf8mb4 COLLATE=utf8mb4_unicode_ci;
/*!40101 SET character_set_client = @saved_cs_client */;

--
-- Dumping data for table `interests_participants`
--

LOCK TABLES `interests_participants` WRITE;
/*!40000 ALTER TABLE `interests_participants` DISABLE KEYS */;
INSERT INTO `interests_participants` VALUES (1,134,3,NULL,NULL),(2,123,4,NULL,NULL),(3,15,5,NULL,NULL),(4,98,6,NULL,NULL),(5,137,7,NULL,NULL),(6,150,8,NULL,NULL),(7,139,9,NULL,NULL),(8,1,10,NULL,NULL),(9,5,11,NULL,NULL),(10,4,12,NULL,NULL),(11,66,13,NULL,NULL),(12,143,14,NULL,NULL),(13,113,15,NULL,NULL),(14,120,16,NULL,NULL),(15,11,17,NULL,NULL),(16,64,18,NULL,NULL),(17,132,19,NULL,NULL),(18,25,20,NULL,NULL),(19,11,21,NULL,NULL),(20,148,22,NULL,NULL),(21,3,23,NULL,NULL),(22,96,24,NULL,NULL),(23,65,25,NULL,NULL),(24,92,26,NULL,NULL),(25,72,27,NULL,NULL),(26,13,28,NULL,NULL),(27,125,29,NULL,NULL),(28,9,30,NULL,NULL),(29,99,31,NULL,NULL),(30,146,32,NULL,NULL),(31,106,33,NULL,NULL),(32,26,34,NULL,NULL),(33,17,35,NULL,NULL),(34,61,36,NULL,NULL),(35,53,37,NULL,NULL),(36,118,38,NULL,NULL),(37,117,39,NULL,NULL),(38,44,40,NULL,NULL),(39,143,41,NULL,NULL),(40,126,42,NULL,NULL),(41,35,43,NULL,NULL),(42,137,44,NULL,NULL),(43,43,45,NULL,NULL),(44,96,46,NULL,NULL),(45,21,47,NULL,NULL),(46,129,48,NULL,NULL),(47,112,49,NULL,NULL),(48,59,50,NULL,NULL),(49,19,51,NULL,NULL),(50,141,52,NULL,NULL),(51,77,53,NULL,NULL),(52,49,54,NULL,NULL),(53,149,55,NULL,NULL),(54,73,56,NULL,NULL),(55,78,57,NULL,NULL),(56,50,58,NULL,NULL),(57,147,59,NULL,NULL),(58,118,60,NULL,NULL),(59,50,61,NULL,NULL),(60,101,62,NULL,NULL),(61,128,63,NULL,NULL),(62,46,64,NULL,NULL),(63,34,65,NULL,NULL),(64,142,66,NULL,NULL),(65,65,67,NULL,NULL),(66,45,68,NULL,NULL),(67,77,69,NULL,NULL),(68,104,70,NULL,NULL),(69,46,71,NULL,NULL),(70,127,72,NULL,NULL),(71,30,73,NULL,NULL),(72,94,74,NULL,NULL),(73,69,75,NULL,NULL),(74,104,76,NULL,NULL),(75,111,77,NULL,NULL),(76,105,78,NULL,NULL),(77,83,79,NULL,NULL),(78,85,80,NULL,NULL),(79,106,81,NULL,NULL),(80,104,82,NULL,NULL),(81,69,83,NULL,NULL),(82,141,84,NULL,NULL),(83,12,85,NULL,NULL),(84,33,86,NULL,NULL),(85,47,87,NULL,NULL),(86,125,88,NULL,NULL),(87,38,89,NULL,NULL),(88,40,90,NULL,NULL),(89,95,91,NULL,NULL),(90,77,92,NULL,NULL),(91,133,93,NULL,NULL),(92,82,94,NULL,NULL),(93,89,95,NULL,NULL),(94,124,96,NULL,NULL),(95,67,97,NULL,NULL),(96,137,98,NULL,NULL),(97,115,99,NULL,NULL),(98,104,100,NULL,NULL),(99,55,101,NULL,NULL),(100,22,102,NULL,NULL),(101,70,103,NULL,NULL),(102,141,104,NULL,NULL),(103,130,105,NULL,NULL),(104,5,106,NULL,NULL),(105,46,107,NULL,NULL),(106,121,108,NULL,NULL),(107,147,109,NULL,NULL),(108,58,110,NULL,NULL),(109,79,111,NULL,NULL),(110,140,112,NULL,NULL),(111,148,113,NULL,NULL),(112,134,114,NULL,NULL),(113,106,115,NULL,NULL),(114,62,116,NULL,NULL),(115,40,117,NULL,NULL),(116,11,118,NULL,NULL),(117,18,119,NULL,NULL),(118,31,120,NULL,NULL),(119,120,121,NULL,NULL),(120,103,122,NULL,NULL),(121,151,123,NULL,NULL),(122,86,124,NULL,NULL),(123,87,125,NULL,NULL),(124,36,126,NULL,NULL),(125,70,127,NULL,NULL),(126,59,128,NULL,NULL),(127,44,129,NULL,NULL),(128,54,130,NULL,NULL),(129,76,131,NULL,NULL),(130,124,132,NULL,NULL),(131,135,133,NULL,NULL),(132,92,134,NULL,NULL),(133,1,135,NULL,NULL),(134,54,136,NULL,NULL),(135,51,137,NULL,NULL),(136,110,138,NULL,NULL),(137,132,139,NULL,NULL),(138,3,140,NULL,NULL),(139,60,141,NULL,NULL),(140,52,142,NULL,NULL),(141,9,143,NULL,NULL),(142,106,144,NULL,NULL),(143,19,145,NULL,NULL),(144,139,146,NULL,NULL),(145,36,147,NULL,NULL),(146,37,148,NULL,NULL),(147,65,149,NULL,NULL),(148,37,150,NULL,NULL),(149,98,151,NULL,NULL),(150,4,152,NULL,NULL),(151,54,153,NULL,NULL),(152,9,154,NULL,NULL),(153,46,155,NULL,NULL),(154,111,156,NULL,NULL),(155,17,157,NULL,NULL),(156,100,158,NULL,NULL),(157,99,159,NULL,NULL),(158,100,160,NULL,NULL),(159,43,161,NULL,NULL),(160,89,162,NULL,NULL),(161,89,163,NULL,NULL),(162,50,164,NULL,NULL),(163,60,165,NULL,NULL),(164,57,166,NULL,NULL),(165,122,167,NULL,NULL),(166,42,168,NULL,NULL),(167,86,169,NULL,NULL),(168,143,170,NULL,NULL),(169,118,171,NULL,NULL),(170,117,172,NULL,NULL),(171,78,173,NULL,NULL),(172,63,174,NULL,NULL),(173,41,175,NULL,NULL),(174,129,176,NULL,NULL),(175,55,177,NULL,NULL),(176,82,178,NULL,NULL),(177,44,179,NULL,NULL),(178,17,180,NULL,NULL),(179,63,181,NULL,NULL),(180,11,182,NULL,NULL),(181,7,183,NULL,NULL),(182,93,184,NULL,NULL),(183,3,185,NULL,NULL),(184,96,186,NULL,NULL),(185,48,187,NULL,NULL),(186,148,188,NULL,NULL),(187,137,189,NULL,NULL),(188,94,190,NULL,NULL),(189,34,191,NULL,NULL),(190,11,192,NULL,NULL),(191,134,193,NULL,NULL),(192,32,194,NULL,NULL),(193,109,195,NULL,NULL),(194,108,196,NULL,NULL),(195,31,197,NULL,NULL),(196,107,198,NULL,NULL),(197,13,199,NULL,NULL),(198,148,200,NULL,NULL),(199,136,201,NULL,NULL),(200,35,202,NULL,NULL),(201,57,203,NULL,NULL),(202,92,204,NULL,NULL),(203,22,205,NULL,NULL),(204,70,206,NULL,NULL),(205,114,207,NULL,NULL),(206,66,208,NULL,NULL),(207,140,209,NULL,NULL),(208,104,210,NULL,NULL),(209,77,211,NULL,NULL),(210,42,212,NULL,NULL),(211,127,213,NULL,NULL),(212,66,214,NULL,NULL),(213,151,215,NULL,NULL),(214,95,216,NULL,NULL),(215,58,217,NULL,NULL),(216,36,218,NULL,NULL),(217,132,219,NULL,NULL),(218,143,220,NULL,NULL),(219,29,221,NULL,NULL),(220,109,222,NULL,NULL),(221,90,223,NULL,NULL),(222,58,224,NULL,NULL),(223,12,225,NULL,NULL),(224,63,226,NULL,NULL),(225,61,227,NULL,NULL),(226,23,228,NULL,NULL),(227,29,229,NULL,NULL),(228,143,230,NULL,NULL),(229,61,231,NULL,NULL),(230,28,232,NULL,NULL),(231,99,233,NULL,NULL),(232,67,234,NULL,NULL),(233,109,235,NULL,NULL),(234,72,236,NULL,NULL),(235,72,237,NULL,NULL),(236,31,238,NULL,NULL),(237,34,239,NULL,NULL),(238,47,240,NULL,NULL),(239,96,241,NULL,NULL),(240,60,242,NULL,NULL),(241,145,243,NULL,NULL),(242,7,244,NULL,NULL),(243,136,245,NULL,NULL),(244,22,246,NULL,NULL),(245,70,247,NULL,NULL),(246,79,248,NULL,NULL),(247,29,249,NULL,NULL),(248,98,250,NULL,NULL),(249,35,251,NULL,NULL),(250,60,252,NULL,NULL),(251,75,253,NULL,NULL),(252,94,254,NULL,NULL),(253,148,255,NULL,NULL),(254,52,256,NULL,NULL),(255,47,257,NULL,NULL),(256,80,258,NULL,NULL),(257,76,259,NULL,NULL),(258,136,260,NULL,NULL),(259,96,261,NULL,NULL),(260,111,262,NULL,NULL),(261,128,263,NULL,NULL),(262,128,264,NULL,NULL),(263,30,265,NULL,NULL),(264,36,266,NULL,NULL),(265,113,267,NULL,NULL),(266,92,268,NULL,NULL),(267,36,269,NULL,NULL),(268,112,270,NULL,NULL),(269,139,271,NULL,NULL),(270,39,272,NULL,NULL),(271,54,273,NULL,NULL),(272,53,274,NULL,NULL),(273,138,275,NULL,NULL),(274,70,276,NULL,NULL),(275,8,277,NULL,NULL),(276,17,278,NULL,NULL),(277,44,279,NULL,NULL),(278,77,280,NULL,NULL),(279,25,281,NULL,NULL),(280,130,282,NULL,NULL),(281,67,283,NULL,NULL),(282,147,284,NULL,NULL),(283,5,285,NULL,NULL),(284,23,286,NULL,NULL),(285,127,287,NULL,NULL),(286,73,288,NULL,NULL),(287,151,289,NULL,NULL),(288,29,290,NULL,NULL),(289,21,291,NULL,NULL),(290,126,292,NULL,NULL),(291,57,293,NULL,NULL),(292,137,294,NULL,NULL),(293,119,295,NULL,NULL),(294,27,296,NULL,NULL),(295,149,297,NULL,NULL),(296,45,298,NULL,NULL),(297,117,299,NULL,NULL),(298,133,300,NULL,NULL),(299,112,301,NULL,NULL),(300,77,302,NULL,NULL),(301,57,303,NULL,NULL),(302,149,304,NULL,NULL),(303,75,305,NULL,NULL),(304,84,306,NULL,NULL),(305,122,307,NULL,NULL),(306,111,308,NULL,NULL),(307,9,309,NULL,NULL),(308,90,310,NULL,NULL),(309,10,311,NULL,NULL),(310,5,312,NULL,NULL),(311,22,313,NULL,NULL),(312,97,314,NULL,NULL),(313,69,315,NULL,NULL),(314,149,316,NULL,NULL),(315,151,317,NULL,NULL),(316,36,318,NULL,NULL),(317,108,319,NULL,NULL),(318,66,320,NULL,NULL),(319,122,321,NULL,NULL),(320,53,322,NULL,NULL),(321,2,323,NULL,NULL),(322,100,324,NULL,NULL),(323,53,325,NULL,NULL),(324,60,326,NULL,NULL),(325,140,327,NULL,NULL),(326,22,328,NULL,NULL),(327,76,329,NULL,NULL),(328,69,330,NULL,NULL),(329,117,331,NULL,NULL),(330,139,332,NULL,NULL),(331,82,333,NULL,NULL),(332,1,334,NULL,NULL),(333,31,335,NULL,NULL),(334,116,336,NULL,NULL),(335,40,337,NULL,NULL),(336,1,338,NULL,NULL),(337,110,339,NULL,NULL),(338,117,340,NULL,NULL),(339,3,341,NULL,NULL),(340,7,342,NULL,NULL),(341,120,343,NULL,NULL),(342,42,344,NULL,NULL),(343,109,345,NULL,NULL),(344,147,346,NULL,NULL),(345,86,347,NULL,NULL),(346,118,348,NULL,NULL),(347,29,349,NULL,NULL),(348,36,350,NULL,NULL),(349,67,351,NULL,NULL),(350,148,352,NULL,NULL),(351,56,353,NULL,NULL),(352,58,354,NULL,NULL),(353,135,355,NULL,NULL),(354,10,356,NULL,NULL),(355,55,357,NULL,NULL),(356,56,358,NULL,NULL),(357,99,359,NULL,NULL),(358,25,360,NULL,NULL),(359,52,361,NULL,NULL),(360,72,362,NULL,NULL),(361,138,363,NULL,NULL),(362,91,364,NULL,NULL),(363,30,365,NULL,NULL),(364,66,366,NULL,NULL),(365,66,367,NULL,NULL),(366,136,368,NULL,NULL),(367,79,369,NULL,NULL),(368,74,370,NULL,NULL),(369,117,371,NULL,NULL),(370,128,372,NULL,NULL),(371,140,373,NULL,NULL),(372,17,374,NULL,NULL),(373,65,375,NULL,NULL),(374,25,376,NULL,NULL),(375,24,377,NULL,NULL),(376,55,378,NULL,NULL),(377,113,379,NULL,NULL),(378,17,380,NULL,NULL),(379,47,381,NULL,NULL),(380,142,382,NULL,NULL),(381,118,383,NULL,NULL),(382,22,384,NULL,NULL),(383,144,385,NULL,NULL),(384,35,386,NULL,NULL),(385,32,387,NULL,NULL),(386,138,388,NULL,NULL),(387,44,389,NULL,NULL),(388,96,390,NULL,NULL),(389,108,391,NULL,NULL),(390,30,392,NULL,NULL),(391,67,393,NULL,NULL),(392,69,394,NULL,NULL),(393,131,395,NULL,NULL),(394,81,396,NULL,NULL),(395,141,397,NULL,NULL),(396,132,398,NULL,NULL),(397,87,399,NULL,NULL),(398,66,400,NULL,NULL),(399,108,401,NULL,NULL),(400,9,402,NULL,NULL),(401,96,403,NULL,NULL),(402,137,404,NULL,NULL),(403,122,405,NULL,NULL),(404,131,406,NULL,NULL),(405,13,407,NULL,NULL),(406,52,408,NULL,NULL),(407,2,409,NULL,NULL),(408,91,410,NULL,NULL),(409,15,411,NULL,NULL),(410,69,412,NULL,NULL),(411,129,413,NULL,NULL),(412,108,414,NULL,NULL),(413,84,415,NULL,NULL),(414,24,416,NULL,NULL),(415,15,417,NULL,NULL),(416,1,418,NULL,NULL),(417,113,419,NULL,NULL),(418,136,420,NULL,NULL),(419,51,421,NULL,NULL),(420,136,422,NULL,NULL),(421,34,423,NULL,NULL),(422,12,424,NULL,NULL),(423,42,425,NULL,NULL),(424,133,426,NULL,NULL),(425,136,427,NULL,NULL),(426,90,428,NULL,NULL),(427,18,429,NULL,NULL),(428,57,430,NULL,NULL),(429,47,431,NULL,NULL),(430,71,432,NULL,NULL),(431,85,433,NULL,NULL),(432,65,434,NULL,NULL),(433,99,435,NULL,NULL),(434,40,436,NULL,NULL),(435,33,437,NULL,NULL),(436,88,438,NULL,NULL),(437,24,439,NULL,NULL),(438,3,440,NULL,NULL),(439,70,441,NULL,NULL),(440,147,442,NULL,NULL),(441,20,443,NULL,NULL),(442,97,444,NULL,NULL),(443,96,445,NULL,NULL),(444,92,446,NULL,NULL),(445,92,447,NULL,NULL),(446,116,448,NULL,NULL),(447,51,449,NULL,NULL),(448,97,450,NULL,NULL),(449,90,451,NULL,NULL),(450,22,452,NULL,NULL),(451,31,453,NULL,NULL),(452,105,454,NULL,NULL),(453,88,455,NULL,NULL),(454,53,456,NULL,NULL),(455,94,457,NULL,NULL),(456,138,458,NULL,NULL),(457,123,459,NULL,NULL),(458,121,460,NULL,NULL),(459,145,461,NULL,NULL),(460,95,462,NULL,NULL),(461,82,463,NULL,NULL),(462,27,464,NULL,NULL),(463,39,465,NULL,NULL),(464,68,466,NULL,NULL),(465,146,467,NULL,NULL),(466,23,468,NULL,NULL),(467,68,469,NULL,NULL),(468,140,470,NULL,NULL),(469,104,471,NULL,NULL),(470,111,472,NULL,NULL),(471,40,473,NULL,NULL),(472,33,474,NULL,NULL),(473,109,475,NULL,NULL),(474,127,476,NULL,NULL),(475,7,477,NULL,NULL),(476,99,478,NULL,NULL),(477,139,479,NULL,NULL),(478,25,480,NULL,NULL),(479,87,481,NULL,NULL),(480,17,482,NULL,NULL),(481,92,483,NULL,NULL),(482,124,484,NULL,NULL),(483,32,485,NULL,NULL),(484,78,486,NULL,NULL),(485,83,487,NULL,NULL),(486,42,488,NULL,NULL),(487,7,489,NULL,NULL),(488,61,490,NULL,NULL),(489,64,491,NULL,NULL),(490,74,492,NULL,NULL),(491,135,493,NULL,NULL),(492,101,494,NULL,NULL),(493,93,495,NULL,NULL),(494,50,496,NULL,NULL),(495,29,497,NULL,NULL),(496,99,498,NULL,NULL),(497,66,499,NULL,NULL),(498,26,500,NULL,NULL),(499,73,501,NULL,NULL),(500,123,502,NULL,NULL),(501,71,503,NULL,NULL),(505,7,508,NULL,NULL),(506,50,508,NULL,NULL),(507,5,511,NULL,NULL);
/*!40000 ALTER TABLE `interests_participants` ENABLE KEYS */;
UNLOCK TABLES;

--
-- Table structure for table `migrations`
--

DROP TABLE IF EXISTS `migrations`;
/*!40101 SET @saved_cs_client     = @@character_set_client */;
/*!40101 SET character_set_client = utf8 */;
CREATE TABLE `migrations` (
  `id` int(10) unsigned NOT NULL AUTO_INCREMENT,
  `migration` varchar(255) COLLATE utf8mb4_unicode_ci NOT NULL,
  `batch` int(11) NOT NULL,
  PRIMARY KEY (`id`)
) ENGINE=InnoDB AUTO_INCREMENT=17 DEFAULT CHARSET=utf8mb4 COLLATE=utf8mb4_unicode_ci;
/*!40101 SET character_set_client = @saved_cs_client */;

--
-- Dumping data for table `migrations`
--

LOCK TABLES `migrations` WRITE;
/*!40000 ALTER TABLE `migrations` DISABLE KEYS */;
INSERT INTO `migrations` VALUES (1,'2019_05_06_192545_create_participants_table',1),(2,'2019_05_06_195600_create_interests_table',1),(3,'2019_05_06_200433_create_competencies_table',1),(4,'2019_05_06_201618_create_candidates_table',1),(5,'2019_05_06_202048_create_candidate_participants_table',1),(6,'2019_05_06_202624_create_exponents_table',1),(7,'2019_05_06_203013_create_exponent_teams_table',1),(8,'2019_05_06_203254_create_partners_table',1),(9,'2019_05_06_204459_create_plannings_table',1),(10,'2019_05_06_205259_create_notifications_table',1),(11,'2019_05_06_213429_create_competencies_participants_table',1),(12,'2019_05_06_213832_create_interests_participants_table',1),(13,'2019_05_09_211706_create_users_table',1),(14,'2019_05_11_194958_create_votes_table',1),(15,'2019_08_19_000000_create_failed_jobs_table',1),(16,'2020_03_27_154440_create_chat_tables',1);
/*!40000 ALTER TABLE `migrations` ENABLE KEYS */;
UNLOCK TABLES;

--
-- Table structure for table `notifications`
--

DROP TABLE IF EXISTS `notifications`;
/*!40101 SET @saved_cs_client     = @@character_set_client */;
/*!40101 SET character_set_client = utf8 */;
CREATE TABLE `notifications` (
  `id` int(10) unsigned NOT NULL AUTO_INCREMENT,
  `title` varchar(255) COLLATE utf8mb4_unicode_ci NOT NULL,
  `description` text COLLATE utf8mb4_unicode_ci NOT NULL,
  `date` date NOT NULL,
  `created_at` timestamp NULL DEFAULT NULL,
  `updated_at` timestamp NULL DEFAULT NULL,
  PRIMARY KEY (`id`)
) ENGINE=InnoDB DEFAULT CHARSET=utf8mb4 COLLATE=utf8mb4_unicode_ci;
/*!40101 SET character_set_client = @saved_cs_client */;

--
-- Dumping data for table `notifications`
--

LOCK TABLES `notifications` WRITE;
/*!40000 ALTER TABLE `notifications` DISABLE KEYS */;
/*!40000 ALTER TABLE `notifications` ENABLE KEYS */;
UNLOCK TABLES;

--
-- Table structure for table `participants`
--

DROP TABLE IF EXISTS `participants`;
/*!40101 SET @saved_cs_client     = @@character_set_client */;
/*!40101 SET character_set_client = utf8 */;
CREATE TABLE `participants` (
  `id` int(10) unsigned NOT NULL AUTO_INCREMENT,
  `last_name` varchar(255) COLLATE utf8mb4_unicode_ci DEFAULT NULL,
  `first_name` varchar(255) COLLATE utf8mb4_unicode_ci DEFAULT NULL,
  `password` varchar(255) COLLATE utf8mb4_unicode_ci DEFAULT NULL,
  `username` varchar(150) COLLATE utf8mb4_unicode_ci DEFAULT NULL,
  `email` varchar(150) COLLATE utf8mb4_unicode_ci NOT NULL,
  `birth_date` date DEFAULT NULL,
  `linkedin` varchar(255) COLLATE utf8mb4_unicode_ci DEFAULT NULL,
  `facebook` varchar(255) COLLATE utf8mb4_unicode_ci DEFAULT NULL,
  `twitter` varchar(255) COLLATE utf8mb4_unicode_ci DEFAULT NULL,
  `phone_number` varchar(20) COLLATE utf8mb4_unicode_ci DEFAULT NULL,
  `job` varchar(255) COLLATE utf8mb4_unicode_ci DEFAULT NULL,
  `csv` tinyint(1) NOT NULL DEFAULT '0',
  `enterprise` varchar(255) COLLATE utf8mb4_unicode_ci DEFAULT NULL,
  `biography` text COLLATE utf8mb4_unicode_ci,
  `quarter` varchar(255) COLLATE utf8mb4_unicode_ci DEFAULT NULL,
  `website` varchar(255) COLLATE utf8mb4_unicode_ci DEFAULT NULL,
  `image` varchar(255) COLLATE utf8mb4_unicode_ci DEFAULT NULL,
  `created_at` timestamp NULL DEFAULT NULL,
  `updated_at` timestamp NULL DEFAULT NULL,
  `enginnova_token` timestamp NULL DEFAULT NULL,
  `enginnova_token_created_at` timestamp NULL DEFAULT NULL,
  `email_verified_at` timestamp NULL DEFAULT NULL,
  PRIMARY KEY (`id`,`email`),
  UNIQUE KEY `participants_username_unique` (`username`)
) ENGINE=InnoDB AUTO_INCREMENT=516 DEFAULT CHARSET=utf8mb4 COLLATE=utf8mb4_unicode_ci;
/*!40101 SET character_set_client = @saved_cs_client */;

--
-- Dumping data for table `participants`
--

LOCK TABLES `participants` WRITE;
/*!40000 ALTER TABLE `participants` DISABLE KEYS */;
INSERT INTO `participants` VALUES (1,'Amenou','Ange',NULL,'AngeAmenou','a@gmail.com',NULL,NULL,NULL,NULL,'90334435','Job',0,'ENterprise',NULL,NULL,NULL,NULL,'2020-04-05 21:06:32','2020-04-05 21:06:32',NULL,NULL,NULL),(2,'Ange','Amenou',NULL,'user1','fourange@gmail.com',NULL,NULL,NULL,NULL,'90334435','Job',0,'enterprise',NULL,'Lome',NULL,NULL,'2020-04-05 21:09:16','2020-04-05 21:09:16',NULL,NULL,NULL),(3,'Valette','Jean',NULL,'Placeat a fugiat fugit sed.','louise97@orange.fr',NULL,NULL,NULL,NULL,'90334435','Assistant logistique',0,'Hoareau',NULL,'CarpentierVille',NULL,NULL,'2020-04-05 21:09:16','2020-04-05 21:09:16',NULL,NULL,NULL),(4,'Jean','Thierry',NULL,'Doloribus iure accusamus ab.','charles40@wanadoo.fr',NULL,NULL,NULL,NULL,'90334435','Toiliste',0,'Chauvet',NULL,'De OliveiraBourg',NULL,NULL,'2020-04-05 21:09:16','2020-04-05 21:09:16',NULL,NULL,NULL),(5,'Potier','Henri',NULL,'Veniam ea culpa consequatur.','odette.colas@maury.fr',NULL,NULL,NULL,NULL,'90334435','Fraiseur mouliste',0,'Guillet',NULL,'Ferrand',NULL,NULL,'2020-04-05 21:09:16','2020-04-05 21:09:16',NULL,NULL,NULL),(6,'Huet','Charles',NULL,'Et omnis voluptates et natus.','susanne55@live.com',NULL,NULL,NULL,NULL,'90334435','Praticiens médicaux',0,'Mary',NULL,'Techer-sur-Bourgeois',NULL,NULL,'2020-04-05 21:09:16','2020-04-05 21:09:16',NULL,NULL,NULL),(7,'Diallo','Richard',NULL,'Id quia velit aut ut.','efernandes@noos.fr',NULL,NULL,NULL,NULL,'90334435','Ouvrier serriste',0,'Durand S.A.R.L.',NULL,'Leroy',NULL,NULL,'2020-04-05 21:09:16','2020-04-05 21:09:16',NULL,NULL,NULL),(8,'Pottier','Margot',NULL,'Omnis dolor deleniti ut eos.','dupuis.laetitia@noos.fr',NULL,NULL,NULL,NULL,'90334435','Géodésien',0,'Legrand Begue SAS',NULL,'Rocher',NULL,NULL,'2020-04-05 21:09:17','2020-04-05 21:09:17',NULL,NULL,NULL),(9,'Lemoine','Madeleine',NULL,'Facere ullam rerum quis.','dorothee39@voila.fr',NULL,NULL,NULL,NULL,'90334435','Garçon de chenil',0,'Hernandez Lacombe SAS',NULL,'Menard',NULL,NULL,'2020-04-05 21:09:17','2020-04-05 21:09:17',NULL,NULL,NULL),(10,'Camus','Honoré',NULL,'Tenetur est quasi impedit.','margaret.raynaud@teixeira.fr',NULL,NULL,NULL,NULL,'90334435','Assurance',0,'Poulain',NULL,'Morvannec',NULL,NULL,'2020-04-05 21:09:17','2020-04-05 21:09:17',NULL,NULL,NULL),(11,'Laine','Isaac',NULL,'Id beatae ad velit in.','gilles29@dubois.fr',NULL,NULL,NULL,NULL,'90334435','Eleveur de chats',0,'Bertin Begue et Fils',NULL,'Bigot',NULL,NULL,'2020-04-05 21:09:17','2020-04-05 21:09:17',NULL,NULL,NULL),(12,'Duhamel','Édith',NULL,'Dicta consectetur et fugit.','chevalier.roland@tele2.fr',NULL,NULL,NULL,NULL,'90334435','Miroitier',0,'Giraud',NULL,'Leroy',NULL,NULL,'2020-04-05 21:09:17','2020-04-05 21:09:17',NULL,NULL,NULL),(13,'Dumas','Patrick',NULL,'Et sunt eos quibusdam est.','scohen@dijoux.com',NULL,NULL,NULL,NULL,'90334435','Elastiqueur',0,'Duval S.A.',NULL,'Thibault',NULL,NULL,'2020-04-05 21:09:17','2020-04-05 21:09:17',NULL,NULL,NULL),(14,'Morel','Rémy',NULL,'Et dolorum sit similique eum.','caroline.pottier@legoff.fr',NULL,NULL,NULL,NULL,'90334435','Sapeur-pompier',0,'Lamy',NULL,'Leveque-les-Bains',NULL,NULL,'2020-04-05 21:09:18','2020-04-05 21:09:18',NULL,NULL,NULL),(15,'Perrin','Thérèse',NULL,'Natus magnam et corporis est.','alain.moreau@bruneau.com',NULL,NULL,NULL,NULL,'90334435','Clerc hors rang',0,'Alves',NULL,'Hoareauboeuf',NULL,NULL,'2020-04-05 21:09:18','2020-04-05 21:09:18',NULL,NULL,NULL),(16,'Delannoy','Édouard',NULL,'Quod ut odio et.','alex.jacob@gmail.com',NULL,NULL,NULL,NULL,'90334435','Ouvrier sidérurgiste',0,'Lecomte S.A.R.L.',NULL,'Chauvet',NULL,NULL,'2020-04-05 21:09:18','2020-04-05 21:09:18',NULL,NULL,NULL),(17,'Pereira','Brigitte',NULL,'Ea voluptas et sit est.','alabbe@wanadoo.fr',NULL,NULL,NULL,NULL,'90334435','Styliste graphiste',0,'Vasseur SARL',NULL,'Chauvin',NULL,NULL,'2020-04-05 21:09:18','2020-04-05 21:09:18',NULL,NULL,NULL),(18,'Dijoux','Robert',NULL,'Ad voluptas officiis est.','michel.claude@dbmail.com',NULL,NULL,NULL,NULL,'90334435','Détective',0,'Nguyen',NULL,'Gonzalezboeuf',NULL,NULL,'2020-04-05 21:09:18','2020-04-05 21:09:18',NULL,NULL,NULL),(19,'Bouvier','Josette',NULL,'Qui voluptatem autem veniam.','sanchez.michelle@bouygtel.fr',NULL,NULL,NULL,NULL,'90334435','Décorateur-costumier',0,'Langlois',NULL,'Pereira',NULL,NULL,'2020-04-05 21:09:18','2020-04-05 21:09:18',NULL,NULL,NULL),(20,'Dufour','Anouk',NULL,'Iste aut impedit quidem.','xlopez@gmail.com',NULL,NULL,NULL,NULL,'90334435','Expert back-office',0,'Langlois SARL',NULL,'Guerinnec',NULL,NULL,'2020-04-05 21:09:18','2020-04-05 21:09:18',NULL,NULL,NULL),(21,'Baudry','Luce',NULL,'Vel omnis omnis quis.','clemence.martel@legall.fr',NULL,NULL,NULL,NULL,'90334435','Projeteur béton armé',0,'Roussel S.A.S.',NULL,'Julienboeuf',NULL,NULL,'2020-04-05 21:09:18','2020-04-05 21:09:18',NULL,NULL,NULL),(22,'Becker','Bernard',NULL,'Aperiam aut ipsam nam qui.','zguilbert@ifrance.com',NULL,NULL,NULL,NULL,'90334435','Relieur-doreur',0,'Jacob',NULL,'Langlois-sur-Mer',NULL,NULL,'2020-04-05 21:09:19','2020-04-05 21:09:19',NULL,NULL,NULL),(23,'Navarro','Jean',NULL,'Culpa ea velit et adipisci.','louise.laporte@didier.org',NULL,NULL,NULL,NULL,'90334435','Fraiseur',0,'Brunet Delorme S.A.R.L.',NULL,'Carpentier',NULL,NULL,'2020-04-05 21:09:19','2020-04-05 21:09:19',NULL,NULL,NULL),(24,'Texier','Denis',NULL,'Voluptas a sit et.','leclercq.gilbert@leduc.fr',NULL,NULL,NULL,NULL,'90334435','Ingénieur géomètre',0,'Alexandre',NULL,'Julien-la-Forêt',NULL,NULL,'2020-04-05 21:09:19','2020-04-05 21:09:19',NULL,NULL,NULL),(25,'Petitjean','Mathilde',NULL,'Nemo eum consequatur quia.','maillard.benjamin@ifrance.com',NULL,NULL,NULL,NULL,'90334435','Topographe',0,'Gilbert',NULL,'Normand',NULL,NULL,'2020-04-05 21:09:19','2020-04-05 21:09:19',NULL,NULL,NULL),(26,'Boutin','Renée',NULL,'Et quos dolorem rerum est.','raymond60@blot.fr',NULL,NULL,NULL,NULL,'90334435','Finance',0,'Joly S.A.R.L.',NULL,'Jacquot',NULL,NULL,'2020-04-05 21:09:19','2020-04-05 21:09:19',NULL,NULL,NULL),(27,'Didier','Julie',NULL,'Natus aliquam magni dolorem.','marchal.dominique@tiscali.fr',NULL,NULL,NULL,NULL,'90334435','Hématologue',0,'Benard et Fils',NULL,'Guyot',NULL,NULL,'2020-04-05 21:09:19','2020-04-05 21:09:19',NULL,NULL,NULL),(28,'Charles','Manon',NULL,'Ut sed delectus voluptatem.','paul.hamel@berthelot.fr',NULL,NULL,NULL,NULL,'90334435','Gérant d\'hôtel',0,'Bourgeois Perez S.A.S.',NULL,'ArnaudBourg',NULL,NULL,'2020-04-05 21:09:19','2020-04-05 21:09:19',NULL,NULL,NULL),(29,'Rossi','Madeleine',NULL,'Culpa a ut architecto.','catherine93@tiscali.fr',NULL,NULL,NULL,NULL,'90334435','Manager d\'artiste',0,'Petit',NULL,'Gregoirenec',NULL,NULL,'2020-04-05 21:09:19','2020-04-05 21:09:19',NULL,NULL,NULL),(30,'Marques','Augustin',NULL,'Ipsam enim sed et rerum.','lejeune.michelle@letellier.net',NULL,NULL,NULL,NULL,'90334435','Agent de curage',0,'Carpentier',NULL,'Leconte',NULL,NULL,'2020-04-05 21:09:20','2020-04-05 21:09:20',NULL,NULL,NULL),(31,'Ferreira','Émilie',NULL,'Nobis quo ut minima.','charlotte.gimenez@gmail.com',NULL,NULL,NULL,NULL,'90334435','Eleveur de volailles',0,'Albert Cohen S.A.S.',NULL,'Rodrigues',NULL,NULL,'2020-04-05 21:09:20','2020-04-05 21:09:20',NULL,NULL,NULL),(32,'Gomez','Alex',NULL,'Consectetur fugit ut est.','maurice.alexandrie@chauveau.fr',NULL,NULL,NULL,NULL,'90334435','Moellonneur',0,'Guibert',NULL,'Rocher-sur-Lebreton',NULL,NULL,'2020-04-05 21:09:20','2020-04-05 21:09:20',NULL,NULL,NULL),(33,'Bonnin','Xavier',NULL,'Eum architecto quos aut.','etienne56@free.fr',NULL,NULL,NULL,NULL,'90334435','Etiqueteur',0,'Pascal Rossi SARL',NULL,'Leduc',NULL,NULL,'2020-04-05 21:09:20','2020-04-05 21:09:20',NULL,NULL,NULL),(34,'Fischer','Madeleine',NULL,'Et at porro sequi soluta sit.','glanglois@roy.com',NULL,NULL,NULL,NULL,'90334435','Endivier',0,'Wagner SAS',NULL,'NormandVille',NULL,NULL,'2020-04-05 21:09:20','2020-04-05 21:09:20',NULL,NULL,NULL),(35,'Moreno','Laurent',NULL,'Autem in unde doloribus.','durand.nath@pages.net',NULL,NULL,NULL,NULL,'90334435','Hématologue',0,'Gautier',NULL,'Lefebvre',NULL,NULL,'2020-04-05 21:09:20','2020-04-05 21:09:20',NULL,NULL,NULL),(36,'Breton','Antoine',NULL,'Saepe odit sit ab aut quod.','leduc.francois@monnier.fr',NULL,NULL,NULL,NULL,'90334435','Endocrinologue',0,'Bodin',NULL,'Robert',NULL,NULL,'2020-04-05 21:09:20','2020-04-05 21:09:20',NULL,NULL,NULL),(37,'Pelletier','Georges',NULL,'Neque iure aut ad atque.','hguilbert@riviere.org',NULL,NULL,NULL,NULL,'90334435','Percepteur',0,'Nguyen',NULL,'Lelievre-sur-Perrier',NULL,NULL,'2020-04-05 21:09:20','2020-04-05 21:09:20',NULL,NULL,NULL),(38,'Neveu','Margot',NULL,'Magni facere unde alias.','idelannoy@free.fr',NULL,NULL,NULL,NULL,'90334435','Vidéo-jockey',0,'Dubois SA',NULL,'ChartierVille',NULL,NULL,'2020-04-05 21:09:20','2020-04-05 21:09:20',NULL,NULL,NULL),(39,'Chauvin','Rémy',NULL,'Assumenda rerum ipsum rem.','ftoussaint@noos.fr',NULL,NULL,NULL,NULL,'90334435','Garçon de chenil',0,'Lemaire',NULL,'Millet-sur-Allain',NULL,NULL,'2020-04-05 21:09:21','2020-04-05 21:09:21',NULL,NULL,NULL),(40,'Guilbert','Émile',NULL,'Dolorum aut id voluptates et.','klabbe@leconte.com',NULL,NULL,NULL,NULL,'90334435','Géomètre',0,'Gosselin Gregoire S.A.R.L.',NULL,'Chretien',NULL,NULL,'2020-04-05 21:09:21','2020-04-05 21:09:21',NULL,NULL,NULL),(41,'Marion','Jeanne',NULL,'Quibusdam omnis sed qui.','petitjean.lucie@tiscali.fr',NULL,NULL,NULL,NULL,'90334435','Mouleur sable',0,'Georges',NULL,'Navarroboeuf',NULL,NULL,'2020-04-05 21:09:21','2020-04-05 21:09:21',NULL,NULL,NULL),(42,'Mathieu','Daniel',NULL,'Accusamus dolorum hic fuga.','corinne91@dupont.com',NULL,NULL,NULL,NULL,'90334435','Traffic manager',0,'Mathieu Benoit S.A.',NULL,'Dufour-sur-Rey',NULL,NULL,'2020-04-05 21:09:21','2020-04-05 21:09:21',NULL,NULL,NULL),(43,'Ribeiro','Adrien',NULL,'Quidem earum nemo quod.','clenoir@live.com',NULL,NULL,NULL,NULL,'90334435','Monteur audiovisuel',0,'Chretien',NULL,'Diallo-sur-Gomes',NULL,NULL,'2020-04-05 21:09:21','2020-04-05 21:09:21',NULL,NULL,NULL),(44,'Petitjean','Valérie',NULL,'Quas rem distinctio est.','elise.gaillard@nicolas.com',NULL,NULL,NULL,NULL,'90334435','Convoyeur garde',0,'Pasquier',NULL,'Ollivier',NULL,NULL,'2020-04-05 21:09:21','2020-04-05 21:09:21',NULL,NULL,NULL),(45,'Pierre','Michel',NULL,'Quae qui dolore dicta minus.','xmasse@girard.com',NULL,NULL,NULL,NULL,'90334435','Services funéraires',0,'Salmon',NULL,'FernandezBourg',NULL,NULL,'2020-04-05 21:09:21','2020-04-05 21:09:21',NULL,NULL,NULL),(46,'Dupuis','Gilbert',NULL,'Eaque quod ut nihil harum.','bazin.daniel@sauvage.net',NULL,NULL,NULL,NULL,'90334435','Professeur d\'italien',0,'Gonzalez',NULL,'Pineaunec',NULL,NULL,'2020-04-05 21:09:21','2020-04-05 21:09:21',NULL,NULL,NULL),(47,'Mathieu','Monique',NULL,'Aliquam ut quod neque.','xlambert@tiscali.fr',NULL,NULL,NULL,NULL,'90334435','Appareilleur-gazier',0,'Hamon',NULL,'RiviereBourg',NULL,NULL,'2020-04-05 21:09:22','2020-04-05 21:09:22',NULL,NULL,NULL),(48,'Coulon','Marguerite',NULL,'Excepturi culpa non ut eius.','breton.michele@roussel.fr',NULL,NULL,NULL,NULL,'90334435','Secrétaire juridique',0,'Charles',NULL,'Le Galldan',NULL,NULL,'2020-04-05 21:09:22','2020-04-05 21:09:22',NULL,NULL,NULL),(49,'Roy','Édith',NULL,'Ducimus a soluta rerum.','philippe09@texier.com',NULL,NULL,NULL,NULL,'90334435','Juge des enfants',0,'Barbe SA',NULL,'Joubert',NULL,NULL,'2020-04-05 21:09:22','2020-04-05 21:09:22',NULL,NULL,NULL),(50,'Lesage','Martin',NULL,'Et voluptatem laudantium quo.','alacroix@fernandez.com',NULL,NULL,NULL,NULL,'90334435','Porion',0,'Antoine',NULL,'Blanc',NULL,NULL,'2020-04-05 21:09:22','2020-04-05 21:09:22',NULL,NULL,NULL),(51,'Mace','Brigitte',NULL,'Quis veritatis quos cum quia.','rene.godard@orange.fr',NULL,NULL,NULL,NULL,'90334435','Danseur',0,'Normand Riou S.A.R.L.',NULL,'Lenoir',NULL,NULL,'2020-04-05 21:09:22','2020-04-05 21:09:22',NULL,NULL,NULL),(52,'Benard','Christine',NULL,'Et qui impedit aut.','roussel.valerie@dbmail.com',NULL,NULL,NULL,NULL,'90334435','Parqueteur',0,'Lambert',NULL,'Guillou-sur-Mer',NULL,NULL,'2020-04-05 21:09:22','2020-04-05 21:09:22',NULL,NULL,NULL),(53,'Caron','Margaud',NULL,'Atque nihil ut beatae est.','ejourdan@perrier.com',NULL,NULL,NULL,NULL,'90334435','Etancheur',0,'Adam S.A.',NULL,'Michaudboeuf',NULL,NULL,'2020-04-05 21:09:22','2020-04-05 21:09:22',NULL,NULL,NULL),(54,'Da Costa','Grégoire',NULL,'Et maxime in nobis quibusdam.','matthieu38@fouquet.fr',NULL,NULL,NULL,NULL,'90334435','Traducteur d\'édition',0,'Neveu Fernandez SARL',NULL,'Allard-sur-Nicolas',NULL,NULL,'2020-04-05 21:09:23','2020-04-05 21:09:23',NULL,NULL,NULL),(55,'Renard','Luc',NULL,'At est ut nisi dolores qui.','michele69@voila.fr',NULL,NULL,NULL,NULL,'90334435','Convoyeur garde',0,'Marchand S.A.',NULL,'Marie',NULL,NULL,'2020-04-05 21:09:23','2020-04-05 21:09:23',NULL,NULL,NULL),(56,'Jacquot','David',NULL,'Est impedit et fugit nihil.','fleleu@laposte.net',NULL,NULL,NULL,NULL,'90334435','Technicien agricole',0,'Denis Schmitt S.A.S.',NULL,'Foucher',NULL,NULL,'2020-04-05 21:09:23','2020-04-05 21:09:23',NULL,NULL,NULL),(57,'Pichon','Michel',NULL,'Sit vero ex voluptas.','cohen.louis@free.fr',NULL,NULL,NULL,NULL,'90334435','Délégué vétérinaire',0,'Barre',NULL,'ParentBourg',NULL,NULL,'2020-04-05 21:09:23','2020-04-05 21:09:23',NULL,NULL,NULL),(58,'Masse','Thomas',NULL,'Aut doloribus sit in quam.','trocher@tiscali.fr',NULL,NULL,NULL,NULL,'90334435','Rédacteur des débats',0,'Louis Dumont SA',NULL,'Hebertboeuf',NULL,NULL,'2020-04-05 21:09:23','2020-04-05 21:09:23',NULL,NULL,NULL),(59,'Bertrand','Léon',NULL,'Earum aut qui aut.','marguerite57@noos.fr',NULL,NULL,NULL,NULL,'90334435','Endocrinologue',0,'Chretien Bernard S.A.S.',NULL,'ReyVille',NULL,NULL,'2020-04-05 21:09:23','2020-04-05 21:09:23',NULL,NULL,NULL),(60,'Petitjean','Thierry',NULL,'Non aut fuga cumque.','adele64@duhamel.fr',NULL,NULL,NULL,NULL,'90334435','Agent d\'enquêtes',0,'Lesage',NULL,'Reynaud',NULL,NULL,'2020-04-05 21:09:23','2020-04-05 21:09:23',NULL,NULL,NULL),(61,'Gonzalez','Charlotte',NULL,'Natus in architecto nisi est.','fbouchet@bouygtel.fr',NULL,NULL,NULL,NULL,'90334435','Gendarme mobile',0,'Chevallier',NULL,'BarthelemyBourg',NULL,NULL,'2020-04-05 21:09:23','2020-04-05 21:09:23',NULL,NULL,NULL),(62,'Brunet','Maggie',NULL,'Aut velit ea vel.','olivier.texier@duval.net',NULL,NULL,NULL,NULL,'90334435','Ingénieur bâtiment',0,'Delorme Toussaint et Fils',NULL,'Bourdon',NULL,NULL,'2020-04-05 21:09:23','2020-04-05 21:09:23',NULL,NULL,NULL),(63,'Gregoire','Maurice',NULL,'Architecto et qui illum est.','gchauvet@martel.com',NULL,NULL,NULL,NULL,'90334435','Pareur en abattoir',0,'Legrand S.A.S.',NULL,'Masson-la-Forêt',NULL,NULL,'2020-04-05 21:09:24','2020-04-05 21:09:24',NULL,NULL,NULL),(64,'Leclercq','Jeannine',NULL,'Eveniet vel quia eum debitis.','ines92@yahoo.fr',NULL,NULL,NULL,NULL,'90334435','Testeur informatique',0,'Legros Roussel SARL',NULL,'Chevalier-les-Bains',NULL,NULL,'2020-04-05 21:09:24','2020-04-05 21:09:24',NULL,NULL,NULL),(65,'Besson','Timothée',NULL,'Est autem facere sit natus.','brigitte48@chevallier.com',NULL,NULL,NULL,NULL,'90334435','Assurance',0,'Weiss SARL',NULL,'Moreau',NULL,NULL,'2020-04-05 21:09:24','2020-04-05 21:09:24',NULL,NULL,NULL),(66,'Turpin','Claude',NULL,'Est aut eveniet modi.','millet.noel@laporte.fr',NULL,NULL,NULL,NULL,'90334435','Etiqueteur',0,'Lemaitre',NULL,'Hebert',NULL,NULL,'2020-04-05 21:09:24','2020-04-05 21:09:24',NULL,NULL,NULL),(67,'Thierry','William',NULL,'Aut ut quod eum earum ipsa.','garnier.arthur@club-internet.fr',NULL,NULL,NULL,NULL,'90334435','Embouteilleur',0,'Rocher SAS',NULL,'Foucher-sur-Mer',NULL,NULL,'2020-04-05 21:09:24','2020-04-05 21:09:24',NULL,NULL,NULL),(68,'Lucas','Céline',NULL,'Nemo cumque a sed debitis.','roger.antoine@picard.fr',NULL,NULL,NULL,NULL,'90334435','Médiateur judiciaire',0,'Hamon Wagner SARL',NULL,'CosteVille',NULL,NULL,'2020-04-05 21:09:24','2020-04-05 21:09:24',NULL,NULL,NULL),(69,'Teixeira','Véronique',NULL,'Temporibus quod in quo sed.','mperret@pages.com',NULL,NULL,NULL,NULL,'90334435','Pizzaïolo',0,'Klein Munoz SAS',NULL,'Boyernec',NULL,NULL,'2020-04-05 21:09:24','2020-04-05 21:09:24',NULL,NULL,NULL),(70,'Hebert','Zacharie',NULL,'Aut molestiae nam eum.','qmeunier@live.com',NULL,NULL,NULL,NULL,'90334435','Testeur informatique',0,'Chevallier',NULL,'Vidal-sur-Begue',NULL,NULL,'2020-04-05 21:09:24','2020-04-05 21:09:24',NULL,NULL,NULL),(71,'Gallet','Margaud',NULL,'Eum provident qui debitis ad.','madeleine.pages@noos.fr',NULL,NULL,NULL,NULL,'90334435','Parqueteur',0,'Diallo Gomez S.A.R.L.',NULL,'Royer-la-Forêt',NULL,NULL,'2020-04-05 21:09:25','2020-04-05 21:09:25',NULL,NULL,NULL),(72,'Noel','Catherine',NULL,'Nostrum soluta a veniam.','xavier33@bouchet.fr',NULL,NULL,NULL,NULL,'90334435','Médecin du sport',0,'Robin Alexandre SAS',NULL,'Moreau',NULL,NULL,'2020-04-05 21:09:25','2020-04-05 21:09:25',NULL,NULL,NULL),(73,'Guichard','Michel',NULL,'Minus impedit tempore ad.','sophie29@deschamps.net',NULL,NULL,NULL,NULL,'90334435','Magicien',0,'Monnier Bazin S.A.',NULL,'De Sousa',NULL,NULL,'2020-04-05 21:09:25','2020-04-05 21:09:25',NULL,NULL,NULL),(74,'Guyon','Joseph',NULL,'Soluta sit ipsam quis iure.','remy.barbier@traore.org',NULL,NULL,NULL,NULL,'90334435','Dee-jay',0,'Marie',NULL,'Pintodan',NULL,NULL,'2020-04-05 21:09:25','2020-04-05 21:09:25',NULL,NULL,NULL),(75,'Wagner','Sophie',NULL,'Voluptatem amet ut qui.','royer.veronique@bonneau.com',NULL,NULL,NULL,NULL,'90334435','Comptable unique',0,'Schneider Dupuy S.A.R.L.',NULL,'Renaud',NULL,NULL,'2020-04-05 21:09:25','2020-04-05 21:09:25',NULL,NULL,NULL),(76,'Simon','Nicolas',NULL,'Enim sed odit omnis nisi.','qpoirier@bouygtel.fr',NULL,NULL,NULL,NULL,'90334435','Aide-déménageur',0,'Lejeune',NULL,'Briand-sur-Renard',NULL,NULL,'2020-04-05 21:09:25','2020-04-05 21:09:25',NULL,NULL,NULL),(77,'Muller','Alexandre',NULL,'Tempora laborum omnis aut at.','isaac78@ifrance.com',NULL,NULL,NULL,NULL,'90334435','Auteur-adaptateur',0,'Guerin SA',NULL,'Julien',NULL,NULL,'2020-04-05 21:09:25','2020-04-05 21:09:25',NULL,NULL,NULL),(78,'Ollivier','Monique',NULL,'Odit ut sit at ut eos in.','brunet.maurice@gautier.fr',NULL,NULL,NULL,NULL,'90334435','Portier',0,'Alves Gilbert et Fils',NULL,'Leroy',NULL,NULL,'2020-04-05 21:09:25','2020-04-05 21:09:25',NULL,NULL,NULL),(79,'Arnaud','Thibaut',NULL,'Optio et et dolor.','vincent.goncalves@gallet.org',NULL,NULL,NULL,NULL,'90334435','Quincaillier',0,'Humbert et Fils',NULL,'Richard-sur-Rocher',NULL,NULL,'2020-04-05 21:09:26','2020-04-05 21:09:26',NULL,NULL,NULL),(80,'Marin','Lucy',NULL,'Nemo vitae aut sed qui.','lefebvre.auguste@dbmail.com',NULL,NULL,NULL,NULL,'90334435','Aide à domicile',0,'Fleury S.A.S.',NULL,'Brun-la-Forêt',NULL,NULL,'2020-04-05 21:09:26','2020-04-05 21:09:26',NULL,NULL,NULL),(81,'Laroche','Eugène',NULL,'Vitae ab omnis quia.','clombard@hotmail.fr',NULL,NULL,NULL,NULL,'90334435','Chef monteur son',0,'Louis',NULL,'Delahayeboeuf',NULL,NULL,'2020-04-05 21:09:26','2020-04-05 21:09:26',NULL,NULL,NULL),(82,'Rolland','Xavier',NULL,'Sed eaque nam dolorem.','breton.gilbert@wanadoo.fr',NULL,NULL,NULL,NULL,'90334435','Chef monteur son',0,'Pierre Lacroix et Fils',NULL,'Louis',NULL,NULL,'2020-04-05 21:09:26','2020-04-05 21:09:26',NULL,NULL,NULL),(83,'Riviere','Alice',NULL,'Rem facere eum voluptates.','hardy.corinne@gmail.com',NULL,NULL,NULL,NULL,'90334435','Artificier spectacle',0,'Tessier',NULL,'Dupuynec',NULL,NULL,'2020-04-05 21:09:26','2020-04-05 21:09:26',NULL,NULL,NULL),(84,'Ferreira','Benoît',NULL,'Accusantium magnam unde aut.','ramos.joseph@dbmail.com',NULL,NULL,NULL,NULL,'90334435','Formateur d\'italien',0,'Lebreton Gallet et Fils',NULL,'Vallee',NULL,NULL,'2020-04-05 21:09:26','2020-04-05 21:09:26',NULL,NULL,NULL),(85,'Ledoux','Thierry',NULL,'Occaecati ipsum iste et.','poulain.jeanne@ledoux.fr',NULL,NULL,NULL,NULL,'90334435','Danse',0,'Traore Descamps SARL',NULL,'Boyer',NULL,NULL,'2020-04-05 21:09:26','2020-04-05 21:09:26',NULL,NULL,NULL),(86,'Da Silva','Zoé',NULL,'Quia ipsum ut vero.','christiane40@collet.net',NULL,NULL,NULL,NULL,'90334435','Staffeur',0,'Olivier',NULL,'Leclerc-sur-Michel',NULL,NULL,'2020-04-05 21:09:27','2020-04-05 21:09:27',NULL,NULL,NULL),(87,'Descamps','Anne',NULL,'Unde eum ullam esse velit.','sdurand@ifrance.com',NULL,NULL,NULL,NULL,'90334435','Vendeur en épicerie',0,'Poulain',NULL,'Lejeune',NULL,NULL,'2020-04-05 21:09:27','2020-04-05 21:09:27',NULL,NULL,NULL),(88,'Ramos','Jérôme',NULL,'Odit totam eveniet facere.','mendes.alexandrie@sfr.fr',NULL,NULL,NULL,NULL,'90334435','Animateur web',0,'Richard S.A.R.L.',NULL,'Hoarau',NULL,NULL,'2020-04-05 21:09:27','2020-04-05 21:09:27',NULL,NULL,NULL),(89,'Dijoux','Aurélie',NULL,'Occaecati eum qui eos nisi.','anne.potier@ifrance.com',NULL,NULL,NULL,NULL,'90334435','Armurier spectacle',0,'Mendes Dos Santos SA',NULL,'Lefebvre',NULL,NULL,'2020-04-05 21:09:27','2020-04-05 21:09:27',NULL,NULL,NULL),(90,'Renault','Élisabeth',NULL,'Commodi nam et iste eligendi.','preynaud@camus.fr',NULL,NULL,NULL,NULL,'90334435','Maquilleur spectacle',0,'Olivier',NULL,'Sanchez',NULL,NULL,'2020-04-05 21:09:27','2020-04-05 21:09:27',NULL,NULL,NULL),(91,'Lejeune','Christine',NULL,'Sit culpa corrupti qui ab.','robert98@bouygtel.fr',NULL,NULL,NULL,NULL,'90334435','Solier-moquettiste',0,'Hoarau S.A.R.L.',NULL,'Leconte',NULL,NULL,'2020-04-05 21:09:27','2020-04-05 21:09:27',NULL,NULL,NULL),(92,'Denis','Timothée',NULL,'Eos iusto sit et et eos.','charles23@delaunay.com',NULL,NULL,NULL,NULL,'90334435','Régleur sur tour',0,'De Sousa',NULL,'Launay',NULL,NULL,'2020-04-05 21:09:27','2020-04-05 21:09:27',NULL,NULL,NULL),(93,'Delaunay','Luce',NULL,'Ad quaerat fugit natus et.','diane.gerard@gmail.com',NULL,NULL,NULL,NULL,'90334435','Pontonnier',0,'Maillet SAS',NULL,'Martinez',NULL,NULL,'2020-04-05 21:09:27','2020-04-05 21:09:27',NULL,NULL,NULL),(94,'Levy','Aimée',NULL,'Qui consequatur culpa itaque.','julien.christophe@pineau.com',NULL,NULL,NULL,NULL,'90334435','Ecotoxicologue',0,'Roy Jacques S.A.R.L.',NULL,'Benard',NULL,NULL,'2020-04-05 21:09:28','2020-04-05 21:09:28',NULL,NULL,NULL),(95,'Rocher','Zacharie',NULL,'Nihil ea deleniti officiis.','vallet.lucas@noos.fr',NULL,NULL,NULL,NULL,'90334435','Preneur de son',0,'Ferreira Pineau SAS',NULL,'Le Gall',NULL,NULL,'2020-04-05 21:09:28','2020-04-05 21:09:28',NULL,NULL,NULL),(96,'Bonneau','Josette',NULL,'Aut nemo corporis optio.','guyot.arnaude@menard.fr',NULL,NULL,NULL,NULL,'90334435','Finance',0,'Torres SAS',NULL,'Collet-les-Bains',NULL,NULL,'2020-04-05 21:09:28','2020-04-05 21:09:28',NULL,NULL,NULL),(97,'Clerc','Margaud',NULL,'Magni pariatur illo quas et.','marine.martel@lecomte.fr',NULL,NULL,NULL,NULL,'90334435','Juge des enfants',0,'Potier Arnaud et Fils',NULL,'Dumas',NULL,NULL,'2020-04-05 21:09:28','2020-04-05 21:09:28',NULL,NULL,NULL),(98,'Delattre','Jeannine',NULL,'Ab magni ipsam ut quam.','perez.francois@club-internet.fr',NULL,NULL,NULL,NULL,'90334435','Médecin scolaire',0,'Boulay',NULL,'Renard-les-Bains',NULL,NULL,'2020-04-05 21:09:28','2020-04-05 21:09:28',NULL,NULL,NULL),(99,'Garnier','Gabriel',NULL,'Est velit nulla quod.','ogauthier@tele2.fr',NULL,NULL,NULL,NULL,'90334435','Second de cuisine',0,'Dupuis',NULL,'Becker',NULL,NULL,'2020-04-05 21:09:28','2020-04-05 21:09:28',NULL,NULL,NULL),(100,'Moreau','Benoît',NULL,'Amet nemo aut quos voluptas.','bmaury@dbmail.com',NULL,NULL,NULL,NULL,'90334435','Maçonnerie',0,'Denis SA',NULL,'Laporte',NULL,NULL,'2020-04-05 21:09:28','2020-04-05 21:09:28',NULL,NULL,NULL),(101,'Labbe','Guy',NULL,'Cum ut alias sunt quam.','charles.benjamin@live.com',NULL,NULL,NULL,NULL,'90334435','Chef de scierie',0,'Roger Aubry SAS',NULL,'Valletdan',NULL,NULL,'2020-04-05 21:09:28','2020-04-05 21:09:28',NULL,NULL,NULL),(102,'Lamy','Pierre',NULL,'Aliquam a qui officiis odio.','corinne.reynaud@wanadoo.fr',NULL,NULL,NULL,NULL,'90334435','Radio chargeur',0,'Lesage Vincent SA',NULL,'Joseph',NULL,NULL,'2020-04-05 21:09:29','2020-04-05 21:09:29',NULL,NULL,NULL),(103,'Dubois','Émile',NULL,'Libero non ut aliquid iste.','monique29@bertrand.com',NULL,NULL,NULL,NULL,'90334435','Projeteur béton armé',0,'Giraud',NULL,'Berthelotnec',NULL,NULL,'2020-04-05 21:09:29','2020-04-05 21:09:29',NULL,NULL,NULL),(104,'Moulin','Patrick',NULL,'Quisquam quae fugit sunt.','hlaine@cordier.com',NULL,NULL,NULL,NULL,'90334435','Responsable télécoms',0,'Marchand',NULL,'Richard-les-Bains',NULL,NULL,'2020-04-05 21:09:29','2020-04-05 21:09:29',NULL,NULL,NULL),(105,'Begue','Pénélope',NULL,'Non ut maxime esse vel ut.','anastasie.perret@tiscali.fr',NULL,NULL,NULL,NULL,'90334435','Commis de coupe',0,'Neveu S.A.R.L.',NULL,'LacroixVille',NULL,NULL,'2020-04-05 21:09:29','2020-04-05 21:09:29',NULL,NULL,NULL),(106,'Bertrand','Alice',NULL,'Et ut aperiam quidem.','michelle47@mary.fr',NULL,NULL,NULL,NULL,'90334435','Conseiller funéraire',0,'Gay et Fils',NULL,'Roche',NULL,NULL,'2020-04-05 21:09:29','2020-04-05 21:09:29',NULL,NULL,NULL),(107,'Renaud','Denis',NULL,'Molestiae officia eius nobis.','zmaillot@bouchet.fr',NULL,NULL,NULL,NULL,'90334435','Ecotoxicologue',0,'Rousset Joseph SA',NULL,'Masson-les-Bains',NULL,NULL,'2020-04-05 21:09:29','2020-04-05 21:09:29',NULL,NULL,NULL),(108,'Hoareau','Matthieu',NULL,'Velit quasi assumenda alias.','timothee48@voila.fr',NULL,NULL,NULL,NULL,'90334435','Sommelier',0,'Lemaitre',NULL,'Robert',NULL,NULL,'2020-04-05 21:09:29','2020-04-05 21:09:29',NULL,NULL,NULL),(109,'Paris','Guillaume',NULL,'Nobis sed et facere quae et.','wguillet@guibert.com',NULL,NULL,NULL,NULL,'90334435','Facteur de clavecins',0,'Boulanger',NULL,'Bourgeois',NULL,NULL,'2020-04-05 21:09:30','2020-04-05 21:09:30',NULL,NULL,NULL),(110,'Mary','Inès',NULL,'Nesciunt et consequatur odio.','martine.chartier@orange.fr',NULL,NULL,NULL,NULL,'90334435','Façadier-bardeur',0,'Barbier',NULL,'GomezVille',NULL,NULL,'2020-04-05 21:09:30','2020-04-05 21:09:30',NULL,NULL,NULL),(111,'Caron','Manon',NULL,'In nesciunt sunt est ex quas.','thomas.lebreton@pineau.com',NULL,NULL,NULL,NULL,'90334435','Pilote automobile',0,'Faure',NULL,'Durand-sur-Mercier',NULL,NULL,'2020-04-05 21:09:30','2020-04-05 21:09:30',NULL,NULL,NULL),(112,'Couturier','Alexandrie',NULL,'Minima eius qui iure.','gpierre@collin.fr',NULL,NULL,NULL,NULL,'90334435','Garçon de hall',0,'Auger S.A.S.',NULL,'Le Roux',NULL,NULL,'2020-04-05 21:09:30','2020-04-05 21:09:30',NULL,NULL,NULL),(113,'Rolland','Suzanne',NULL,'Aut velit ab optio tenetur.','marguerite.godard@laposte.net',NULL,NULL,NULL,NULL,'90334435','Chasseur-bagagiste',0,'Guillot',NULL,'Lucas',NULL,NULL,'2020-04-05 21:09:30','2020-04-05 21:09:30',NULL,NULL,NULL),(114,'Lemaitre','Caroline',NULL,'Alias repellat qui sit ex.','legoff.corinne@ifrance.com',NULL,NULL,NULL,NULL,'90334435','Feutier',0,'Duhamel',NULL,'Lacroix-sur-Etienne',NULL,NULL,'2020-04-05 21:09:30','2020-04-05 21:09:30',NULL,NULL,NULL),(115,'Lambert','Danielle',NULL,'Sunt molestiae omnis alias.','breton.philippe@rousset.com',NULL,NULL,NULL,NULL,'90334435','Présentateur radio',0,'Vidal',NULL,'Leconte',NULL,NULL,'2020-04-05 21:09:30','2020-04-05 21:09:30',NULL,NULL,NULL),(116,'Vallet','Jacques',NULL,'Velit aperiam ea doloremque.','allain.augustin@guillot.org',NULL,NULL,NULL,NULL,'90334435','Assurance',0,'Fernandez SA',NULL,'Samson',NULL,NULL,'2020-04-05 21:09:30','2020-04-05 21:09:30',NULL,NULL,NULL),(117,'Martins','Michel',NULL,'A similique quia veniam sed.','laine.odette@gmail.com',NULL,NULL,NULL,NULL,'90334435','Recherche',0,'Remy',NULL,'Lenoir-la-Forêt',NULL,NULL,'2020-04-05 21:09:31','2020-04-05 21:09:31',NULL,NULL,NULL),(118,'Delmas','Henri',NULL,'Ut nam deserunt et ut.','charles.traore@live.com',NULL,NULL,NULL,NULL,'90334435','Gériatre',0,'Legrand',NULL,'Loiseau',NULL,NULL,'2020-04-05 21:09:31','2020-04-05 21:09:31',NULL,NULL,NULL),(119,'Wagner','Stéphane',NULL,'Fugit sint id modi quo.','fdelahaye@ifrance.com',NULL,NULL,NULL,NULL,'90334435','Styliste graphiste',0,'Chretien',NULL,'Dijoux',NULL,NULL,'2020-04-05 21:09:31','2020-04-05 21:09:31',NULL,NULL,NULL),(120,'Techer','Henri',NULL,'Deleniti repudiandae sunt id.','noel10@bouygtel.fr',NULL,NULL,NULL,NULL,'90334435','Animateur web',0,'Fournier',NULL,'Payet',NULL,NULL,'2020-04-05 21:09:31','2020-04-05 21:09:31',NULL,NULL,NULL),(121,'Royer','Adrien',NULL,'Inventore ad modi quia sit.','theodore28@chauvin.net',NULL,NULL,NULL,NULL,'90334435','Eleveur de volailles',0,'Chartier S.A.R.L.',NULL,'Pereira',NULL,NULL,'2020-04-05 21:09:31','2020-04-05 21:09:31',NULL,NULL,NULL),(122,'Gautier','William',NULL,'Architecto ex ut non unde.','boulanger.josette@sfr.fr',NULL,NULL,NULL,NULL,'90334435','Conseiller relooking',0,'Bouchet Jourdan S.A.',NULL,'Maillot',NULL,NULL,'2020-04-05 21:09:31','2020-04-05 21:09:31',NULL,NULL,NULL),(123,'Meyer','Édouard',NULL,'Atque ut ab placeat.','colette.martin@laposte.net',NULL,NULL,NULL,NULL,'90334435','Chansonnier',0,'Mathieu Thierry SARL',NULL,'Muller',NULL,NULL,'2020-04-05 21:09:31','2020-04-05 21:09:31',NULL,NULL,NULL),(124,'Jean','Franck',NULL,'Vel fugiat ab atque omnis.','perrot.astrid@dupont.org',NULL,NULL,NULL,NULL,'90334435','Gériatre',0,'Rodrigues',NULL,'Raymond',NULL,NULL,'2020-04-05 21:09:32','2020-04-05 21:09:32',NULL,NULL,NULL),(125,'Toussaint','Édouard',NULL,'Sit quae fugit sit aut.','margaud80@carpentier.fr',NULL,NULL,NULL,NULL,'90334435','Exploitant de tennis',0,'Guyot SA',NULL,'Paris-la-Forêt',NULL,NULL,'2020-04-05 21:09:32','2020-04-05 21:09:32',NULL,NULL,NULL),(126,'Allain','Jeannine',NULL,'Eum rerum omnis quos.','uschneider@wanadoo.fr',NULL,NULL,NULL,NULL,'90334435','Conseiller relooking',0,'Carre Julien S.A.S.',NULL,'Oliviernec',NULL,NULL,'2020-04-05 21:09:32','2020-04-05 21:09:32',NULL,NULL,NULL),(127,'Guillaume','Thibault',NULL,'Dolorum in quis quia numquam.','sylvie82@ifrance.com',NULL,NULL,NULL,NULL,'90334435','Délégué à la tutelle',0,'Fernandez Cohen SAS',NULL,'RamosVille',NULL,NULL,'2020-04-05 21:09:32','2020-04-05 21:09:32',NULL,NULL,NULL),(128,'Jacquot','Étienne',NULL,'Autem possimus id et tempore.','sdescamps@dbmail.com',NULL,NULL,NULL,NULL,'90334435','Garçon de chenil',0,'Barre',NULL,'SeguinBourg',NULL,NULL,'2020-04-05 21:09:32','2020-04-05 21:09:32',NULL,NULL,NULL),(129,'Albert','Adrien',NULL,'Hic eaque quo fugit et sed.','patrick36@pires.fr',NULL,NULL,NULL,NULL,'90334435','Ramasseur d\'endives',0,'Pires Delaunay et Fils',NULL,'Leleu',NULL,NULL,'2020-04-05 21:09:32','2020-04-05 21:09:32',NULL,NULL,NULL),(130,'Martin','Denis',NULL,'Nemo non dolorem rerum.','legros.margaret@legrand.org',NULL,NULL,NULL,NULL,'90334435','Détective',0,'Pinto',NULL,'Marchand-les-Bains',NULL,NULL,'2020-04-05 21:09:32','2020-04-05 21:09:32',NULL,NULL,NULL),(131,'Gregoire','Valérie',NULL,'Eligendi in beatae quos non.','hernandez.dominique@briand.org',NULL,NULL,NULL,NULL,'90334435','Géodésien',0,'Roy Guillet SARL',NULL,'Delannoy-sur-Allain',NULL,NULL,'2020-04-05 21:09:33','2020-04-05 21:09:33',NULL,NULL,NULL),(132,'Bertin','Marc',NULL,'Omnis non aut est qui.','auguste82@tiscali.fr',NULL,NULL,NULL,NULL,'90334435','Eleveur de volailles',0,'Tanguy Martineau SA',NULL,'Benoit',NULL,NULL,'2020-04-05 21:09:33','2020-04-05 21:09:33',NULL,NULL,NULL),(133,'Joly','Aurore',NULL,'Et facilis nihil ut quas.','wlambert@wanadoo.fr',NULL,NULL,NULL,NULL,'90334435','Chef porion',0,'Grondin Alexandre S.A.',NULL,'Marchand-sur-Boutin',NULL,NULL,'2020-04-05 21:09:33','2020-04-05 21:09:33',NULL,NULL,NULL),(134,'Le Roux','Patrick',NULL,'Non est dolorum unde.','regnier.gilbert@laporte.com',NULL,NULL,NULL,NULL,'90334435','Cintrier-machiniste',0,'Besson SA',NULL,'Salmon-sur-Chevalier',NULL,NULL,'2020-04-05 21:09:33','2020-04-05 21:09:33',NULL,NULL,NULL),(135,'Michel','Suzanne',NULL,'Nobis velit tempora aliquid.','clemence.riviere@laurent.fr',NULL,NULL,NULL,NULL,'90334435','Sophrologue',0,'Boulanger Andre S.A.',NULL,'Milletboeuf',NULL,NULL,'2020-04-05 21:09:33','2020-04-05 21:09:33',NULL,NULL,NULL),(136,'Collin','Brigitte',NULL,'Cupiditate nam id qui.','capucine21@tele2.fr',NULL,NULL,NULL,NULL,'90334435','Elagueur-botteur',0,'Guillou',NULL,'Pires-la-Forêt',NULL,NULL,'2020-04-05 21:09:33','2020-04-05 21:09:33',NULL,NULL,NULL),(137,'Langlois','Isabelle',NULL,'Autem voluptates ut id.','zmarchal@roy.com',NULL,NULL,NULL,NULL,'90334435','Pizzaïolo',0,'Le Gall',NULL,'AndreVille',NULL,NULL,'2020-04-05 21:09:33','2020-04-05 21:09:33',NULL,NULL,NULL),(138,'Morel','Gabriel',NULL,'Ut ad non nemo quo.','gallet.nicolas@texier.fr',NULL,NULL,NULL,NULL,'90334435','Défloqueur d\'amiante',0,'Guillou Marie S.A.',NULL,'Besson',NULL,NULL,'2020-04-05 21:09:34','2020-04-05 21:09:34',NULL,NULL,NULL),(139,'Grenier','Auguste',NULL,'Quas et dolores rerum odit.','leroux.alain@dbmail.com',NULL,NULL,NULL,NULL,'90334435','Eleveur de volailles',0,'Navarro',NULL,'Charles',NULL,NULL,'2020-04-05 21:09:34','2020-04-05 21:09:34',NULL,NULL,NULL),(140,'Faivre','Adrien',NULL,'Et ut ut dolorum nobis in.','aboulanger@tiscali.fr',NULL,NULL,NULL,NULL,'90334435','Conseiller culinaire',0,'Mahe SAS',NULL,'Boucher',NULL,NULL,'2020-04-05 21:09:34','2020-04-05 21:09:34',NULL,NULL,NULL),(141,'Martineau','David',NULL,'Minus soluta nemo odio.','timothee.martel@courtois.net',NULL,NULL,NULL,NULL,'90334435','Parfumeur',0,'Vidal S.A.R.L.',NULL,'Lamynec',NULL,NULL,'2020-04-05 21:09:34','2020-04-05 21:09:34',NULL,NULL,NULL),(142,'Mary','Zacharie',NULL,'Fugit ea iste saepe et quia.','leleu.alix@club-internet.fr',NULL,NULL,NULL,NULL,'90334435','Technicien énergie',0,'Bonneau S.A.R.L.',NULL,'Richardnec',NULL,NULL,'2020-04-05 21:09:34','2020-04-05 21:09:34',NULL,NULL,NULL),(143,'Blot','Pauline',NULL,'Sed velit quibusdam nemo ut.','isaac66@voila.fr',NULL,NULL,NULL,NULL,'90334435','Etiqueteur',0,'Brun',NULL,'Levy',NULL,NULL,'2020-04-05 21:09:34','2020-04-05 21:09:34',NULL,NULL,NULL),(144,'Gauthier','Aurore',NULL,'Ad molestiae et architecto.','zgrondin@morvan.fr',NULL,NULL,NULL,NULL,'90334435','Assistant de justice',0,'Cohen',NULL,'Morelboeuf',NULL,NULL,'2020-04-05 21:09:34','2020-04-05 21:09:34',NULL,NULL,NULL),(145,'Daniel','Luce',NULL,'Unde saepe voluptatem et sed.','aetienne@tele2.fr',NULL,NULL,NULL,NULL,'90334435','Technicien géomètre',0,'Charpentier',NULL,'Collin',NULL,NULL,'2020-04-05 21:09:35','2020-04-05 21:09:35',NULL,NULL,NULL),(146,'Alves','Michelle',NULL,'Rerum illum velit et rem non.','rleblanc@guillet.com',NULL,NULL,NULL,NULL,'90334435','Chef de scierie',0,'Bonneau',NULL,'Le Goff-la-Forêt',NULL,NULL,'2020-04-05 21:09:35','2020-04-05 21:09:35',NULL,NULL,NULL),(147,'Bouchet','Marcel',NULL,'Quia et qui quasi dolores.','genevieve69@schneider.fr',NULL,NULL,NULL,NULL,'90334435','Chef porion',0,'Lamy Marie S.A.',NULL,'Martinez',NULL,NULL,'2020-04-05 21:09:35','2020-04-05 21:09:35',NULL,NULL,NULL),(148,'Hubert','Martine',NULL,'Odio eius impedit minima.','abigot@petitjean.org',NULL,NULL,NULL,NULL,'90334435','Facteur de clavecins',0,'Georges',NULL,'Maillet-sur-Allard',NULL,NULL,'2020-04-05 21:09:35','2020-04-05 21:09:35',NULL,NULL,NULL),(149,'Roche','Gérard',NULL,'Mollitia maxime eum ut nihil.','nhubert@gilles.fr',NULL,NULL,NULL,NULL,'90334435','Monteur de palettes',0,'Lemonnier SARL',NULL,'Adam',NULL,NULL,'2020-04-05 21:09:35','2020-04-05 21:09:35',NULL,NULL,NULL),(150,'Hubert','André',NULL,'Quod rerum vitae facere sunt.','dupre.danielle@voila.fr',NULL,NULL,NULL,NULL,'90334435','Radio chargeur',0,'Robin SA',NULL,'Peltier',NULL,NULL,'2020-04-05 21:09:35','2020-04-05 21:09:35',NULL,NULL,NULL),(151,'Alves','Franck',NULL,'Ratione et id quo placeat.','vlegendre@club-internet.fr',NULL,NULL,NULL,NULL,'90334435','Présentateur radio',0,'Collet',NULL,'Michaudboeuf',NULL,NULL,'2020-04-05 21:09:35','2020-04-05 21:09:35',NULL,NULL,NULL),(152,'Robin','Laurent',NULL,'Non illo voluptates amet.','lamy.dominique@lopes.fr',NULL,NULL,NULL,NULL,'90334435','Danse',0,'Clement',NULL,'Bousquet-sur-Mer',NULL,NULL,'2020-04-05 21:09:36','2020-04-05 21:09:36',NULL,NULL,NULL),(153,'Etienne','William',NULL,'Aut aliquam nam ut iure.','andree.david@noos.fr',NULL,NULL,NULL,NULL,'90334435','Surjeteur-raseur',0,'Levy',NULL,'Menard-sur-Lemaitre',NULL,NULL,'2020-04-05 21:09:36','2020-04-05 21:09:36',NULL,NULL,NULL),(154,'Leleu','Françoise',NULL,'Dolore id ut saepe.','kcoste@richard.fr',NULL,NULL,NULL,NULL,'90334435','Toiliste',0,'Tanguy S.A.',NULL,'Bernard',NULL,NULL,'2020-04-05 21:09:37','2020-04-05 21:09:37',NULL,NULL,NULL),(155,'Marion','Joseph',NULL,'Dolor dicta similique nemo.','benjamin.remy@club-internet.fr',NULL,NULL,NULL,NULL,'90334435','Jointeur de placage',0,'Coulon S.A.R.L.',NULL,'Gonzalez',NULL,NULL,'2020-04-05 21:09:37','2020-04-05 21:09:37',NULL,NULL,NULL),(156,'Marty','Alfred',NULL,'Nemo sit labore dolores.','descamps.gabrielle@lacombe.org',NULL,NULL,NULL,NULL,'90334435','Ingénieur géomètre',0,'Mary S.A.',NULL,'Lopez-la-Forêt',NULL,NULL,'2020-04-05 21:09:37','2020-04-05 21:09:37',NULL,NULL,NULL),(157,'Peltier','Margaux',NULL,'Eos id est qui sed cum.','gilles48@adam.com',NULL,NULL,NULL,NULL,'90334435','Opérateur du son',0,'Duhamel',NULL,'Merle',NULL,NULL,'2020-04-05 21:09:37','2020-04-05 21:09:37',NULL,NULL,NULL),(158,'Rey','Anastasie',NULL,'Fugiat ipsa id animi ab.','fbonneau@tele2.fr',NULL,NULL,NULL,NULL,'90334435','Bruiteur',0,'Voisin',NULL,'Girardboeuf',NULL,NULL,'2020-04-05 21:09:37','2020-04-05 21:09:37',NULL,NULL,NULL),(159,'Rolland','Laurent',NULL,'Qui sunt consectetur a.','dupuy.lucas@orange.fr',NULL,NULL,NULL,NULL,'90334435','Ingénieur bâtiment',0,'Leclerc',NULL,'Dupre',NULL,NULL,'2020-04-05 21:09:37','2020-04-05 21:09:37',NULL,NULL,NULL),(160,'Lucas','Aurélie',NULL,'Ut rem et accusamus.','louis45@delmas.com',NULL,NULL,NULL,NULL,'90334435','Technicien agricole',0,'Leduc',NULL,'Le GallBourg',NULL,NULL,'2020-04-05 21:09:38','2020-04-05 21:09:38',NULL,NULL,NULL),(161,'Morin','Stéphane',NULL,'Cumque est amet ipsam quis.','thoareau@robin.org',NULL,NULL,NULL,NULL,'90334435','Percepteur',0,'Albert',NULL,'Fleury',NULL,NULL,'2020-04-05 21:09:38','2020-04-05 21:09:38',NULL,NULL,NULL),(162,'Chevalier','Marie',NULL,'Eum in sed quod ab.','thomas.carre@nguyen.net',NULL,NULL,NULL,NULL,'90334435','Eleveur de chats',0,'Masson S.A.R.L.',NULL,'Tessier-la-Forêt',NULL,NULL,'2020-04-05 21:09:38','2020-04-05 21:09:38',NULL,NULL,NULL),(163,'Martinez','Jacques',NULL,'Omnis magnam quisquam magnam.','ilemaire@wanadoo.fr',NULL,NULL,NULL,NULL,'90334435','Verrier à la calotte',0,'Roy Alexandre S.A.',NULL,'Ledoux-sur-Hoareau',NULL,NULL,'2020-04-05 21:09:38','2020-04-05 21:09:38',NULL,NULL,NULL),(164,'Bazin','Émilie',NULL,'Hic aspernatur et omnis et.','leger.cecile@hoareau.fr',NULL,NULL,NULL,NULL,'90334435','Défloqueur d\'amiante',0,'Cordier Morvan SARL',NULL,'Chartier',NULL,NULL,'2020-04-05 21:09:38','2020-04-05 21:09:38',NULL,NULL,NULL),(165,'Descamps','Philippine',NULL,'Unde quo amet rerum aut.','benoit.poulain@payet.net',NULL,NULL,NULL,NULL,'90334435','Testeur informatique',0,'Bouvet S.A.',NULL,'Pineau',NULL,NULL,'2020-04-05 21:09:38','2020-04-05 21:09:38',NULL,NULL,NULL),(166,'Benard','Georges',NULL,'Soluta sed et quo.','thomas98@breton.org',NULL,NULL,NULL,NULL,'90334435','Plaquiste enduiseur',0,'Traore Hamel et Fils',NULL,'Mathieu-sur-Rousset',NULL,NULL,'2020-04-05 21:09:39','2020-04-05 21:09:39',NULL,NULL,NULL),(167,'Richard','Dominique',NULL,'Ducimus natus rerum a.','huet.lorraine@orange.fr',NULL,NULL,NULL,NULL,'90334435','Recherche',0,'Garcia',NULL,'Sanchez',NULL,NULL,'2020-04-05 21:09:39','2020-04-05 21:09:39',NULL,NULL,NULL),(168,'Jourdan','Marianne',NULL,'Cum sint dolorum vero.','juliette20@hotmail.fr',NULL,NULL,NULL,NULL,'90334435','Régleur funéraire',0,'Paris SA',NULL,'Navarro',NULL,NULL,'2020-04-05 21:09:39','2020-04-05 21:09:39',NULL,NULL,NULL),(169,'Delahaye','David',NULL,'Vitae non omnis eos dolorem.','bonneau.margot@laposte.net',NULL,NULL,NULL,NULL,'90334435','Capitaine de pêche',0,'Renaud et Fils',NULL,'Godard',NULL,NULL,'2020-04-05 21:09:39','2020-04-05 21:09:39',NULL,NULL,NULL),(170,'Morvan','Michelle',NULL,'Et aut aspernatur quia.','valentine.moreau@free.fr',NULL,NULL,NULL,NULL,'90334435','Agent d\'entreposage',0,'Pelletier Couturier SA',NULL,'Bergernec',NULL,NULL,'2020-04-05 21:09:39','2020-04-05 21:09:39',NULL,NULL,NULL),(171,'Laporte','Caroline',NULL,'Quis et quos animi.','slegoff@marie.com',NULL,NULL,NULL,NULL,'90334435','Logopède',0,'Rodrigues',NULL,'Guerindan',NULL,NULL,'2020-04-05 21:09:39','2020-04-05 21:09:39',NULL,NULL,NULL),(172,'Devaux','Xavier',NULL,'Voluptas magni in qui ab vel.','mace.luc@faivre.net',NULL,NULL,NULL,NULL,'90334435','Technicien agricole',0,'Guichard et Fils',NULL,'Merle',NULL,NULL,'2020-04-05 21:09:39','2020-04-05 21:09:39',NULL,NULL,NULL),(173,'Pons','Thierry',NULL,'Id quas laudantium autem.','elise86@henry.org',NULL,NULL,NULL,NULL,'90334435','Conception et études',0,'Lecoq S.A.S.',NULL,'Rossi',NULL,NULL,'2020-04-05 21:09:39','2020-04-05 21:09:39',NULL,NULL,NULL),(174,'Courtois','Simone',NULL,'Quos possimus earum porro ex.','odette.langlois@antoine.com',NULL,NULL,NULL,NULL,'90334435','Fantaisiste',0,'Rocher',NULL,'Dupuis',NULL,NULL,'2020-04-05 21:09:39','2020-04-05 21:09:39',NULL,NULL,NULL),(175,'Munoz','Élisabeth',NULL,'Et omnis possimus quas.','etienne30@wanadoo.fr',NULL,NULL,NULL,NULL,'90334435','Menuisier',0,'Buisson',NULL,'BerthelotVille',NULL,NULL,'2020-04-05 21:09:40','2020-04-05 21:09:40',NULL,NULL,NULL),(176,'Lecoq','Simone',NULL,'Neque et perspiciatis beatae.','robert.raynaud@free.fr',NULL,NULL,NULL,NULL,'90334435','Pédologue',0,'Etienne',NULL,'Thierry-sur-Guibert',NULL,NULL,'2020-04-05 21:09:40','2020-04-05 21:09:40',NULL,NULL,NULL),(177,'Delaunay','Charles',NULL,'Doloribus ad odio omnis et.','seguin.daniel@bouygtel.fr',NULL,NULL,NULL,NULL,'90334435','Gynécologue',0,'Lacroix',NULL,'Teixeira',NULL,NULL,'2020-04-05 21:09:40','2020-04-05 21:09:40',NULL,NULL,NULL),(178,'Guyot','Lorraine',NULL,'Ad vel nostrum consequuntur.','fernandes.monique@guillot.com',NULL,NULL,NULL,NULL,'90334435','Rédacteur des débats',0,'Descamps Bouvet S.A.S.',NULL,'Ramos-sur-Leveque',NULL,NULL,'2020-04-05 21:09:40','2020-04-05 21:09:40',NULL,NULL,NULL),(179,'Antoine','Laurent',NULL,'Iste vel nulla in eos.','nathalie.couturier@tele2.fr',NULL,NULL,NULL,NULL,'90334435','Photographe d\'art',0,'Lemonnier',NULL,'Lacroix',NULL,NULL,'2020-04-05 21:09:40','2020-04-05 21:09:40',NULL,NULL,NULL),(180,'Bernard','Frédéric',NULL,'Ipsum occaecati quae magni.','mrenard@regnier.fr',NULL,NULL,NULL,NULL,'90334435','Jointeur de placage',0,'Pichon Begue SAS',NULL,'Launay',NULL,NULL,'2020-04-05 21:09:40','2020-04-05 21:09:40',NULL,NULL,NULL),(181,'Benard','Théophile',NULL,'Et odio voluptas est.','collin.claudine@alexandre.com',NULL,NULL,NULL,NULL,'90334435','Plasticien',0,'Nicolas',NULL,'Chevalier',NULL,NULL,'2020-04-05 21:09:40','2020-04-05 21:09:40',NULL,NULL,NULL),(182,'Bonnin','Isaac',NULL,'Et est et est aut molestiae.','susan06@perrot.com',NULL,NULL,NULL,NULL,'90334435','Aide couvreur',0,'Leveque S.A.',NULL,'Legrandnec',NULL,NULL,'2020-04-05 21:09:41','2020-04-05 21:09:41',NULL,NULL,NULL),(183,'Remy','Jeannine',NULL,'Qui facere maxime qui ut quo.','maurice23@noos.fr',NULL,NULL,NULL,NULL,'90334435','Verrier à la calotte',0,'Chauvet',NULL,'Ferreira-sur-Gautier',NULL,NULL,'2020-04-05 21:09:41','2020-04-05 21:09:41',NULL,NULL,NULL),(184,'Blin','Pierre',NULL,'In in ducimus ab enim modi.','ocollet@gautier.fr',NULL,NULL,NULL,NULL,'90334435','Chiropraticien',0,'Raymond',NULL,'Toussaint-les-Bains',NULL,NULL,'2020-04-05 21:09:41','2020-04-05 21:09:41',NULL,NULL,NULL),(185,'Pelletier','Philippe',NULL,'Unde natus aut id fuga in.','adrien.remy@sfr.fr',NULL,NULL,NULL,NULL,'90334435','Artificier spectacle',0,'Chevalier Schneider S.A.R.L.',NULL,'FoucherBourg',NULL,NULL,'2020-04-05 21:09:41','2020-04-05 21:09:41',NULL,NULL,NULL),(186,'Costa','Daniel',NULL,'Et voluptate cum nobis.','yfrancois@noos.fr',NULL,NULL,NULL,NULL,'90334435','Diététique',0,'Lemaire',NULL,'RoyBourg',NULL,NULL,'2020-04-05 21:09:41','2020-04-05 21:09:41',NULL,NULL,NULL),(187,'Pinto','Paulette',NULL,'Libero provident et ipsam et.','claire83@barbe.net',NULL,NULL,NULL,NULL,'90334435','Recuiseur',0,'Brun S.A.',NULL,'Guillot',NULL,NULL,'2020-04-05 21:09:41','2020-04-05 21:09:41',NULL,NULL,NULL),(188,'Aubert','Gabrielle',NULL,'Quam ut omnis quos animi.','marcel.robert@courtois.com',NULL,NULL,NULL,NULL,'90334435','Porion',0,'Michel S.A.S.',NULL,'Duboisboeuf',NULL,NULL,'2020-04-05 21:09:41','2020-04-05 21:09:41',NULL,NULL,NULL),(189,'Verdier','Laurence',NULL,'Harum molestiae id id.','jacqueline74@voila.fr',NULL,NULL,NULL,NULL,'90334435','Ingénieur géomètre',0,'Hardy SA',NULL,'Pages',NULL,NULL,'2020-04-05 21:09:41','2020-04-05 21:09:41',NULL,NULL,NULL),(190,'Masse','Roland',NULL,'Cumque rem ab vitae et velit.','nicole70@lebon.com',NULL,NULL,NULL,NULL,'90334435','Aide à domicile',0,'Pascal',NULL,'Rossi',NULL,NULL,'2020-04-05 21:09:42','2020-04-05 21:09:42',NULL,NULL,NULL),(191,'Bonnet','Alfred',NULL,'Doloribus nostrum nam ex aut.','noemi.henry@delattre.net',NULL,NULL,NULL,NULL,'90334435','Matelassier',0,'Georges S.A.',NULL,'Bourdon',NULL,NULL,'2020-04-05 21:09:42','2020-04-05 21:09:42',NULL,NULL,NULL),(192,'Brunel','Marthe',NULL,'Et et harum est expedita.','sophie.camus@tiscali.fr',NULL,NULL,NULL,NULL,'90334435','Preneur de son',0,'Charrier S.A.S.',NULL,'Lesage',NULL,NULL,'2020-04-05 21:09:42','2020-04-05 21:09:42',NULL,NULL,NULL),(193,'Teixeira','Hortense',NULL,'Quo quasi aliquid ipsum eum.','philippine.guyot@martineau.com',NULL,NULL,NULL,NULL,'90334435','Pilote automobile',0,'Valette',NULL,'Vidal',NULL,NULL,'2020-04-05 21:09:42','2020-04-05 21:09:42',NULL,NULL,NULL),(194,'Dos Santos','Agnès',NULL,'Illo nulla iste et fuga ad.','elodie.dacosta@ifrance.com',NULL,NULL,NULL,NULL,'90334435','Secrétaire juridique',0,'Aubert',NULL,'Auger-sur-Martineau',NULL,NULL,'2020-04-05 21:09:42','2020-04-05 21:09:42',NULL,NULL,NULL),(195,'Olivier','Eugène',NULL,'Repudiandae nisi est qui.','michele37@hamel.net',NULL,NULL,NULL,NULL,'90334435','Traffic manager',0,'Lenoir',NULL,'Guyot',NULL,NULL,'2020-04-05 21:09:42','2020-04-05 21:09:42',NULL,NULL,NULL),(196,'Marchal','Françoise',NULL,'In culpa recusandae adipisci.','collet.suzanne@diallo.fr',NULL,NULL,NULL,NULL,'90334435','Story boarder',0,'Normand Pottier SAS',NULL,'Bousquet',NULL,NULL,'2020-04-05 21:09:42','2020-04-05 21:09:42',NULL,NULL,NULL),(197,'Perret','Eugène',NULL,'Cumque ut sed quidem.','blanc.stephane@hardy.net',NULL,NULL,NULL,NULL,'90334435','Exploitant de tennis',0,'Henry',NULL,'Gillet',NULL,NULL,'2020-04-05 21:09:42','2020-04-05 21:09:42',NULL,NULL,NULL),(198,'Schmitt','Vincent',NULL,'Id culpa vel molestiae est.','stephane.bonnet@picard.com',NULL,NULL,NULL,NULL,'90334435','Technicien agricole',0,'De Oliveira S.A.R.L.',NULL,'Costa',NULL,NULL,'2020-04-05 21:09:42','2020-04-05 21:09:42',NULL,NULL,NULL),(199,'Morin','Eugène',NULL,'Dolore est aliquam et ut.','thomas.mahe@bouchet.com',NULL,NULL,NULL,NULL,'90334435','Auteur-adaptateur',0,'Bigot',NULL,'Pelletier-sur-Devaux',NULL,NULL,'2020-04-05 21:09:43','2020-04-05 21:09:43',NULL,NULL,NULL),(200,'Gautier','Joseph',NULL,'Aut sint tempore dolor rem.','gomes.francoise@ifrance.com',NULL,NULL,NULL,NULL,'90334435','Secrétaire juridique',0,'Gillet De Oliveira et Fils',NULL,'Charrierboeuf',NULL,NULL,'2020-04-05 21:09:43','2020-04-05 21:09:43',NULL,NULL,NULL),(201,'Costa','Marcelle',NULL,'Rerum iusto ab corrupti.','plebreton@tele2.fr',NULL,NULL,NULL,NULL,'90334435','Vendeur carreau',0,'Menard S.A.S.',NULL,'Richard',NULL,NULL,'2020-04-05 21:09:43','2020-04-05 21:09:43',NULL,NULL,NULL),(202,'Durand','Anouk',NULL,'Repellendus cum nemo est in.','aimee.georges@voila.fr',NULL,NULL,NULL,NULL,'90334435','Bruiteur',0,'Guilbert S.A.',NULL,'Guyot-sur-Mer',NULL,NULL,'2020-04-05 21:09:43','2020-04-05 21:09:43',NULL,NULL,NULL),(203,'Meyer','Olivie',NULL,'Rem libero ab et voluptatem.','eleonore07@laposte.net',NULL,NULL,NULL,NULL,'90334435','Monteur de fermettes',0,'Evrard',NULL,'Chevalier-sur-Mer',NULL,NULL,'2020-04-05 21:09:43','2020-04-05 21:09:43',NULL,NULL,NULL),(204,'Tanguy','Rémy',NULL,'Modi quis aut sed itaque aut.','patrick.noel@tele2.fr',NULL,NULL,NULL,NULL,'90334435','Assistant de justice',0,'Besnard',NULL,'Dijoux',NULL,NULL,'2020-04-05 21:09:43','2020-04-05 21:09:43',NULL,NULL,NULL),(205,'Duval','Joseph',NULL,'Quia id ipsa molestias quo.','andree96@noos.fr',NULL,NULL,NULL,NULL,'90334435','Bâtonnier d\'art',0,'Rocher S.A.R.L.',NULL,'Foucher',NULL,NULL,'2020-04-05 21:09:44','2020-04-05 21:09:44',NULL,NULL,NULL),(206,'Caron','Thibault',NULL,'Sint debitis deleniti rem.','bousquet.nathalie@fournier.fr',NULL,NULL,NULL,NULL,'90334435','Photographe d\'art',0,'Traore',NULL,'Jourdan-sur-Laurent',NULL,NULL,'2020-04-05 21:09:44','2020-04-05 21:09:44',NULL,NULL,NULL),(207,'Joubert','Laurent',NULL,'Quisquam ea sed qui.','tlemaire@lacroix.com',NULL,NULL,NULL,NULL,'90334435','Chef monteur son',0,'Martins Masson S.A.S.',NULL,'Pineau',NULL,NULL,'2020-04-05 21:09:44','2020-04-05 21:09:44',NULL,NULL,NULL),(208,'Coste','Gilles',NULL,'Perspiciatis aut ea aut.','voisin.penelope@grondin.fr',NULL,NULL,NULL,NULL,'90334435','Hydrothérapie',0,'Leclerc',NULL,'Noel',NULL,NULL,'2020-04-05 21:09:44','2020-04-05 21:09:44',NULL,NULL,NULL),(209,'Herve','Philippe',NULL,'Rem ut nam eum dolores.','alice.evrard@dbmail.com',NULL,NULL,NULL,NULL,'90334435','Diététique',0,'Fernandes',NULL,'BourgeoisBourg',NULL,NULL,'2020-04-05 21:09:44','2020-04-05 21:09:44',NULL,NULL,NULL),(210,'Loiseau','Patrick',NULL,'In nemo ab natus quae quia.','josette.berthelot@lejeune.fr',NULL,NULL,NULL,NULL,'90334435','Chef porion',0,'Chauvet S.A.',NULL,'Rolland',NULL,NULL,'2020-04-05 21:09:44','2020-04-05 21:09:44',NULL,NULL,NULL),(211,'Tessier','René',NULL,'Tempora fuga et quae nihil.','berthelot.marguerite@guyon.net',NULL,NULL,NULL,NULL,'90334435','Verrier d\'art',0,'Texier',NULL,'Langlois',NULL,NULL,'2020-04-05 21:09:44','2020-04-05 21:09:44',NULL,NULL,NULL),(212,'Leleu','Danielle',NULL,'Fugit nostrum hic est sequi.','paulette25@gmail.com',NULL,NULL,NULL,NULL,'90334435','Eleveur de chats',0,'Chevalier S.A.R.L.',NULL,'Adamboeuf',NULL,NULL,'2020-04-05 21:09:44','2020-04-05 21:09:44',NULL,NULL,NULL),(213,'Adam','Thierry',NULL,'Magni ut et laborum ullam.','lucas.richard@ifrance.com',NULL,NULL,NULL,NULL,'90334435','Maquilleur spectacle',0,'Camus',NULL,'Leclercq',NULL,NULL,'2020-04-05 21:09:45','2020-04-05 21:09:45',NULL,NULL,NULL),(214,'Peron','Daniel',NULL,'Doloribus doloremque et non.','lucie.lebrun@merle.fr',NULL,NULL,NULL,NULL,'90334435','Traducteur d\'édition',0,'Evrard S.A.R.L.',NULL,'Jourdan',NULL,NULL,'2020-04-05 21:09:45','2020-04-05 21:09:45',NULL,NULL,NULL),(215,'Peltier','Émile',NULL,'Et et quibusdam sit maiores.','aime15@voila.fr',NULL,NULL,NULL,NULL,'90334435','Fossoyeur',0,'Bailly SARL',NULL,'Briandboeuf',NULL,NULL,'2020-04-05 21:09:45','2020-04-05 21:09:45',NULL,NULL,NULL),(216,'Mallet','Lucas',NULL,'Et aut iusto quasi.','robert73@tele2.fr',NULL,NULL,NULL,NULL,'90334435','Caviste',0,'Clement Traore S.A.S.',NULL,'CoulonVille',NULL,NULL,'2020-04-05 21:09:45','2020-04-05 21:09:45',NULL,NULL,NULL),(217,'Cousin','Philippine',NULL,'In repellat omnis veritatis.','bperrot@free.fr',NULL,NULL,NULL,NULL,'90334435','Pontonnier',0,'Michaud',NULL,'Valleeboeuf',NULL,NULL,'2020-04-05 21:09:45','2020-04-05 21:09:45',NULL,NULL,NULL),(218,'Gaillard','Agathe',NULL,'Itaque dolor ut quo.','franck35@noos.fr',NULL,NULL,NULL,NULL,'90334435','Embouteilleur',0,'Joly',NULL,'BarbierBourg',NULL,NULL,'2020-04-05 21:09:45','2020-04-05 21:09:45',NULL,NULL,NULL),(219,'Petitjean','Adrienne',NULL,'Quae mollitia et ea minus.','besson.alphonse@laposte.net',NULL,NULL,NULL,NULL,'90334435','Ecotoxicologue',0,'Robin S.A.R.L.',NULL,'Lucas-sur-Hardy',NULL,NULL,'2020-04-05 21:09:45','2020-04-05 21:09:45',NULL,NULL,NULL),(220,'Le Goff','Zoé',NULL,'Et autem impedit ut deleniti.','sabine90@live.com',NULL,NULL,NULL,NULL,'90334435','Pyrotechnicien',0,'Lemoine',NULL,'Leducboeuf',NULL,NULL,'2020-04-05 21:09:46','2020-04-05 21:09:46',NULL,NULL,NULL),(221,'Guyot','Christophe',NULL,'Eos nihil perspiciatis id ex.','marguerite.perret@carlier.net',NULL,NULL,NULL,NULL,'90334435','Céramiste concepteur',0,'Valentin',NULL,'Rogernec',NULL,NULL,'2020-04-05 21:09:46','2020-04-05 21:09:46',NULL,NULL,NULL),(222,'Schneider','Lucas',NULL,'Et totam nobis soluta in.','laure21@barbier.fr',NULL,NULL,NULL,NULL,'90334435','Monteur en siège',0,'Thibault',NULL,'Alexandre',NULL,NULL,'2020-04-05 21:09:46','2020-04-05 21:09:46',NULL,NULL,NULL),(223,'Weber','Adrienne',NULL,'Culpa est ducimus rerum illo.','gros.laetitia@lebon.fr',NULL,NULL,NULL,NULL,'90334435','Photographe d\'art',0,'Begue et Fils',NULL,'Samson',NULL,NULL,'2020-04-05 21:09:46','2020-04-05 21:09:46',NULL,NULL,NULL),(224,'Gros','Andrée',NULL,'Optio quasi provident magnam.','patrick.mendes@bouygtel.fr',NULL,NULL,NULL,NULL,'90334435','Monteur de fermettes',0,'Mathieu Da Silva S.A.',NULL,'Valentin-sur-Neveu',NULL,NULL,'2020-04-05 21:09:46','2020-04-05 21:09:46',NULL,NULL,NULL),(225,'Lelievre','Alexandrie',NULL,'Ut rerum libero qui.','hortense.dubois@blot.net',NULL,NULL,NULL,NULL,'90334435','Plisseur',0,'Denis Legendre SA',NULL,'De Sousa-sur-Riviere',NULL,NULL,'2020-04-05 21:09:46','2020-04-05 21:09:46',NULL,NULL,NULL),(226,'Pottier','Catherine',NULL,'Quam deserunt neque quo illo.','draynaud@dossantos.fr',NULL,NULL,NULL,NULL,'90334435','Monteur audiovisuel',0,'Bodin',NULL,'Petitjean',NULL,NULL,'2020-04-05 21:09:46','2020-04-05 21:09:46',NULL,NULL,NULL),(227,'Lambert','Hortense',NULL,'Sed esse est nam qui.','lrolland@orange.fr',NULL,NULL,NULL,NULL,'90334435','Modéliste industriel',0,'Loiseau',NULL,'Lemonnier-sur-Mer',NULL,NULL,'2020-04-05 21:09:46','2020-04-05 21:09:46',NULL,NULL,NULL),(228,'Delaunay','Alain',NULL,'Vitae harum eligendi quasi.','elodie14@renard.com',NULL,NULL,NULL,NULL,'90334435','Céramiste concepteur',0,'Breton',NULL,'Bailly',NULL,NULL,'2020-04-05 21:09:47','2020-04-05 21:09:47',NULL,NULL,NULL),(229,'Cohen','Isabelle',NULL,'Est aut non a est minima.','luc.leblanc@robin.fr',NULL,NULL,NULL,NULL,'90334435','Vidéo-jockey',0,'Jacques',NULL,'CosteVille',NULL,NULL,'2020-04-05 21:09:47','2020-04-05 21:09:47',NULL,NULL,NULL),(230,'Rodrigues','Suzanne',NULL,'Et quas quis nostrum ab.','guillou.claudine@wanadoo.fr',NULL,NULL,NULL,NULL,'90334435','Ingénieur géomètre',0,'Bertin',NULL,'Colas',NULL,NULL,'2020-04-05 21:09:47','2020-04-05 21:09:47',NULL,NULL,NULL),(231,'Gonzalez','Marcelle',NULL,'Quidem rem et impedit ut.','dleger@benard.org',NULL,NULL,NULL,NULL,'90334435','Médiateur judiciaire',0,'Buisson Gros S.A.R.L.',NULL,'Letellier',NULL,NULL,'2020-04-05 21:09:47','2020-04-05 21:09:47',NULL,NULL,NULL),(232,'Labbe','Margaud',NULL,'Qui omnis eos et tempore.','stephanie.guilbert@tele2.fr',NULL,NULL,NULL,NULL,'90334435','Maïeuticien',0,'Dupuy Pereira SA',NULL,'Allainboeuf',NULL,NULL,'2020-04-05 21:09:47','2020-04-05 21:09:47',NULL,NULL,NULL),(233,'Blot','Jean',NULL,'Enim sint enim est enim.','paul.alice@richard.com',NULL,NULL,NULL,NULL,'90334435','Chef des ventes',0,'Carre S.A.R.L.',NULL,'Masson-sur-Delorme',NULL,NULL,'2020-04-05 21:09:47','2020-04-05 21:09:47',NULL,NULL,NULL),(234,'Ferrand','David',NULL,'Qui quaerat id voluptas illo.','reynaud.marie@klein.fr',NULL,NULL,NULL,NULL,'90334435','Fossoyeur',0,'Prevost Leclerc S.A.',NULL,'Hamel-sur-Ledoux',NULL,NULL,'2020-04-05 21:09:48','2020-04-05 21:09:48',NULL,NULL,NULL),(235,'Bigot','Charles',NULL,'Nisi aut ut animi iste.','cbonneau@valentin.com',NULL,NULL,NULL,NULL,'90334435','Lexicographe',0,'Dumas',NULL,'Le Roux-les-Bains',NULL,NULL,'2020-04-05 21:09:48','2020-04-05 21:09:48',NULL,NULL,NULL),(236,'Brunet','Antoinette',NULL,'Tenetur in inventore modi et.','mfernandes@hotmail.fr',NULL,NULL,NULL,NULL,'90334435','Animateur web',0,'Guillot',NULL,'Laine',NULL,NULL,'2020-04-05 21:09:48','2020-04-05 21:09:48',NULL,NULL,NULL),(237,'Gaillard','Rémy',NULL,'Hic error tempora sed id sed.','fhebert@laporte.fr',NULL,NULL,NULL,NULL,'90334435','Responsable télécoms',0,'Lamy S.A.',NULL,'PichonBourg',NULL,NULL,'2020-04-05 21:09:48','2020-04-05 21:09:48',NULL,NULL,NULL),(238,'Leduc','Marthe',NULL,'Est quas et eius cumque.','virginie15@pires.org',NULL,NULL,NULL,NULL,'90334435','Modéliste industriel',0,'Vallet Martin SARL',NULL,'Gregoire',NULL,NULL,'2020-04-05 21:09:48','2020-04-05 21:09:48',NULL,NULL,NULL),(239,'Jacques','Marc',NULL,'Commodi libero enim quisquam.','fdumas@dupre.fr',NULL,NULL,NULL,NULL,'90334435','Rippeur spectacle',0,'Morin Renard et Fils',NULL,'Morel-sur-Devaux',NULL,NULL,'2020-04-05 21:09:48','2020-04-05 21:09:48',NULL,NULL,NULL),(240,'Richard','Margaud',NULL,'Est et optio et quia sunt.','lbegue@picard.com',NULL,NULL,NULL,NULL,'90334435','Pizzaïolo',0,'Morvan',NULL,'Delahayedan',NULL,NULL,'2020-04-05 21:09:49','2020-04-05 21:09:49',NULL,NULL,NULL),(241,'Raymond','Marie',NULL,'Dolorum doloribus eos error.','timothee58@dumont.com',NULL,NULL,NULL,NULL,'90334435','Hydrothérapie',0,'Barthelemy',NULL,'NoelBourg',NULL,NULL,'2020-04-05 21:09:49','2020-04-05 21:09:49',NULL,NULL,NULL),(242,'Jacob','Nathalie',NULL,'Qui quis illum neque sint.','juliette72@gmail.com',NULL,NULL,NULL,NULL,'90334435','Ramasseur d\'endives',0,'Muller Germain SAS',NULL,'Fournier-sur-Brunet',NULL,NULL,'2020-04-05 21:09:49','2020-04-05 21:09:49',NULL,NULL,NULL),(243,'Vidal','Alain',NULL,'Eos eveniet iure provident.','margaux59@free.fr',NULL,NULL,NULL,NULL,'90334435','Appareilleur-gazier',0,'Lelievre',NULL,'Moreau',NULL,NULL,'2020-04-05 21:09:49','2020-04-05 21:09:49',NULL,NULL,NULL),(244,'Hoareau','Dorothée',NULL,'Tempore autem omnis ipsa.','alphonse94@blondel.com',NULL,NULL,NULL,NULL,'90334435','Endocrinologue',0,'Henry',NULL,'Lemoine',NULL,NULL,'2020-04-05 21:09:49','2020-04-05 21:09:49',NULL,NULL,NULL),(245,'Lamy','Benoît',NULL,'Quod non eaque officiis.','antoinette22@leleu.fr',NULL,NULL,NULL,NULL,'90334435','Consultant ergonome',0,'Chevallier et Fils',NULL,'Guilletdan',NULL,NULL,'2020-04-05 21:09:49','2020-04-05 21:09:49',NULL,NULL,NULL),(246,'Roussel','Susanne',NULL,'Rem tenetur itaque fugit et.','denis21@laposte.net',NULL,NULL,NULL,NULL,'90334435','Fraiseur',0,'Normand',NULL,'Pascal',NULL,NULL,'2020-04-05 21:09:49','2020-04-05 21:09:49',NULL,NULL,NULL),(247,'Lemaitre','Camille',NULL,'Et et ut qui.','gregoire.mathieu@yahoo.fr',NULL,NULL,NULL,NULL,'90334435','Médecin du sport',0,'Simon Voisin SAS',NULL,'Techer-les-Bains',NULL,NULL,'2020-04-05 21:09:49','2020-04-05 21:09:49',NULL,NULL,NULL),(248,'Caron','Michel',NULL,'Eveniet dolorem non non.','michelle77@bouygtel.fr',NULL,NULL,NULL,NULL,'90334435','Facteur de secteur',0,'Ledoux Rodriguez S.A.R.L.',NULL,'Lemaire-les-Bains',NULL,NULL,'2020-04-05 21:09:49','2020-04-05 21:09:49',NULL,NULL,NULL),(249,'Leclerc','Jeannine',NULL,'Minus excepturi et et iusto.','auguste14@gomez.com',NULL,NULL,NULL,NULL,'90334435','Ravaleur-ragréeur',0,'Valette',NULL,'Charpentier',NULL,NULL,'2020-04-05 21:09:50','2020-04-05 21:09:50',NULL,NULL,NULL),(250,'Mendes','Agnès',NULL,'Cum sit explicabo nulla non.','riviere.leon@free.fr',NULL,NULL,NULL,NULL,'90334435','Surjeteur-raseur',0,'Jacquet',NULL,'Thomas',NULL,NULL,'2020-04-05 21:09:50','2020-04-05 21:09:50',NULL,NULL,NULL),(251,'Martin','Jules',NULL,'Fuga cum quisquam qui.','henriette.carpentier@vallee.com',NULL,NULL,NULL,NULL,'90334435','Extraction',0,'Brunel Boulay S.A.',NULL,'Didier',NULL,NULL,'2020-04-05 21:09:50','2020-04-05 21:09:50',NULL,NULL,NULL),(252,'Poirier','Maurice',NULL,'Cum odio non doloribus.','noemi37@wanadoo.fr',NULL,NULL,NULL,NULL,'90334435','Commandant de police',0,'Bonneau Reynaud SAS',NULL,'Adam',NULL,NULL,'2020-04-05 21:09:50','2020-04-05 21:09:50',NULL,NULL,NULL),(253,'Huet','Adélaïde',NULL,'Quis est nemo debitis.','mdelattre@dbmail.com',NULL,NULL,NULL,NULL,'90334435','Exploitant de tennis',0,'Gilbert Bailly S.A.R.L.',NULL,'Lecomtenec',NULL,NULL,'2020-04-05 21:09:50','2020-04-05 21:09:50',NULL,NULL,NULL),(254,'Delorme','Clémence',NULL,'Cum est sapiente laboriosam.','gimenez.julien@hamel.com',NULL,NULL,NULL,NULL,'90334435','Costumier-habilleur',0,'Etienne',NULL,'Rodrigues',NULL,NULL,'2020-04-05 21:09:50','2020-04-05 21:09:50',NULL,NULL,NULL),(255,'Chauvin','Adrien',NULL,'Omnis quo enim et.','tferrand@voila.fr',NULL,NULL,NULL,NULL,'90334435','Traducteur d\'édition',0,'Schneider S.A.S.',NULL,'Pineau',NULL,NULL,'2020-04-05 21:09:50','2020-04-05 21:09:50',NULL,NULL,NULL),(256,'Teixeira','Henri',NULL,'Beatae omnis fugiat sit.','arnaude74@huet.com',NULL,NULL,NULL,NULL,'90334435','Animateur web',0,'Fournier Lombard S.A.',NULL,'Allain',NULL,NULL,'2020-04-05 21:09:51','2020-04-05 21:09:51',NULL,NULL,NULL),(257,'Leleu','Sébastien',NULL,'Et aut aut ut veniam facilis.','susanne27@rodrigues.org',NULL,NULL,NULL,NULL,'90334435','Chanteur',0,'Coste Martins S.A.',NULL,'Jean',NULL,NULL,'2020-04-05 21:09:51','2020-04-05 21:09:51',NULL,NULL,NULL),(258,'Vidal','Christophe',NULL,'Culpa dolore odio modi.','bertrand.marin@noos.fr',NULL,NULL,NULL,NULL,'90334435','Testeur informatique',0,'Bonnet',NULL,'Gimenez',NULL,NULL,'2020-04-05 21:09:51','2020-04-05 21:09:51',NULL,NULL,NULL),(259,'Boucher','Agathe',NULL,'Vel laudantium a id.','penelope.pires@tiscali.fr',NULL,NULL,NULL,NULL,'90334435','Sommelier',0,'Dupuy S.A.R.L.',NULL,'Traore',NULL,NULL,'2020-04-05 21:09:51','2020-04-05 21:09:51',NULL,NULL,NULL),(260,'Collet','Monique',NULL,'Nisi est aut et amet.','aime.schneider@live.com',NULL,NULL,NULL,NULL,'90334435','Verrier à la main',0,'Camus',NULL,'Voisin',NULL,NULL,'2020-04-05 21:09:51','2020-04-05 21:09:51',NULL,NULL,NULL),(261,'Pasquier','Antoine',NULL,'Facere saepe iure omnis unde.','margaux.huet@baudry.fr',NULL,NULL,NULL,NULL,'90334435','Ramasseur d\'asperges',0,'Toussaint',NULL,'Rolland',NULL,NULL,'2020-04-05 21:09:51','2020-04-05 21:09:51',NULL,NULL,NULL),(262,'Laine','Margot',NULL,'Quisquam sed aut accusantium.','claude75@marin.fr',NULL,NULL,NULL,NULL,'90334435','Toiliste',0,'Baudry',NULL,'Barre',NULL,NULL,'2020-04-05 21:09:51','2020-04-05 21:09:51',NULL,NULL,NULL),(263,'Benoit','Céline',NULL,'Explicabo nihil nihil itaque.','isaac.petitjean@yahoo.fr',NULL,NULL,NULL,NULL,'90334435','Vidéo-jockey',0,'Munoz Royer S.A.',NULL,'DufourBourg',NULL,NULL,'2020-04-05 21:09:51','2020-04-05 21:09:51',NULL,NULL,NULL),(264,'Pascal','Caroline',NULL,'Illo et aut qui officia.','bertrand.guillot@voila.fr',NULL,NULL,NULL,NULL,'90334435','Présentateur radio',0,'David SAS',NULL,'Blondel',NULL,NULL,'2020-04-05 21:09:52','2020-04-05 21:09:52',NULL,NULL,NULL),(265,'Mercier','Margot',NULL,'Rem quas voluptatem ut non.','edith.michaud@lamy.fr',NULL,NULL,NULL,NULL,'90334435','Styliste graphiste',0,'Morin',NULL,'Dos Santos-sur-Mer',NULL,NULL,'2020-04-05 21:09:52','2020-04-05 21:09:52',NULL,NULL,NULL),(266,'Alexandre','Sylvie',NULL,'Reiciendis incidunt unde quo.','lucie48@yahoo.fr',NULL,NULL,NULL,NULL,'90334435','Vidéo-jockey',0,'Gerard S.A.R.L.',NULL,'Baudry',NULL,NULL,'2020-04-05 21:09:52','2020-04-05 21:09:52',NULL,NULL,NULL),(267,'Gauthier','Aimé',NULL,'Accusamus cum et laborum.','denis.garnier@paris.net',NULL,NULL,NULL,NULL,'90334435','Employé d\'étage',0,'Barthelemy S.A.R.L.',NULL,'Vaillantboeuf',NULL,NULL,'2020-04-05 21:09:52','2020-04-05 21:09:52',NULL,NULL,NULL),(268,'Julien','Bernadette',NULL,'Aspernatur dolor ratione non.','margaud68@perrin.fr',NULL,NULL,NULL,NULL,'90334435','Pontonnier',0,'Fabre',NULL,'JoubertVille',NULL,NULL,'2020-04-05 21:09:52','2020-04-05 21:09:52',NULL,NULL,NULL),(269,'Guyon','Véronique',NULL,'Et laboriosam vero qui.','christelle.boyer@tiscali.fr',NULL,NULL,NULL,NULL,'90334435','Coutelier d\'art',0,'Moulin',NULL,'Albertboeuf',NULL,NULL,'2020-04-05 21:09:52','2020-04-05 21:09:52',NULL,NULL,NULL),(270,'Lebreton','Stéphanie',NULL,'Suscipit dolorem ut omnis.','arthur.moreno@orange.fr',NULL,NULL,NULL,NULL,'90334435','Géomètre',0,'Colas Louis S.A.S.',NULL,'Louis-sur-De Oliveira',NULL,NULL,'2020-04-05 21:09:52','2020-04-05 21:09:52',NULL,NULL,NULL),(271,'Weiss','Claire',NULL,'Quibusdam dicta et corporis.','gpascal@vallee.fr',NULL,NULL,NULL,NULL,'90334435','Recherche',0,'Mathieu et Fils',NULL,'Chretien',NULL,NULL,'2020-04-05 21:09:53','2020-04-05 21:09:53',NULL,NULL,NULL),(272,'Labbe','Nathalie',NULL,'Quia dicta in et.','tristan88@dbmail.com',NULL,NULL,NULL,NULL,'90334435','Archéologue',0,'Nicolas',NULL,'Leroy-sur-Legendre',NULL,NULL,'2020-04-05 21:09:53','2020-04-05 21:09:53',NULL,NULL,NULL),(273,'Samson','Jeannine',NULL,'Repudiandae fuga vel tempore.','breton.michelle@tiscali.fr',NULL,NULL,NULL,NULL,'90334435','Assurance',0,'Mary',NULL,'Gallet-sur-Richard',NULL,NULL,'2020-04-05 21:09:53','2020-04-05 21:09:53',NULL,NULL,NULL),(274,'Rey','Philippe',NULL,'Voluptatum aut officia et.','adele.daniel@merle.fr',NULL,NULL,NULL,NULL,'90334435','Défloqueur d\'amiante',0,'Pascal',NULL,'Martel-sur-Lefort',NULL,NULL,'2020-04-05 21:09:53','2020-04-05 21:09:53',NULL,NULL,NULL),(275,'Cordier','Philippine',NULL,'Quo et animi voluptatem.','francoise.riou@ifrance.com',NULL,NULL,NULL,NULL,'90334435','Paléontologue',0,'Garcia Collet et Fils',NULL,'Dumont',NULL,NULL,'2020-04-05 21:09:53','2020-04-05 21:09:53',NULL,NULL,NULL),(276,'Bertin','Claude',NULL,'Dolores vel omnis sed.','frederic.menard@dbmail.com',NULL,NULL,NULL,NULL,'90334435','Parfumeur',0,'Dumas Georges SAS',NULL,'Imbert',NULL,NULL,'2020-04-05 21:09:53','2020-04-05 21:09:53',NULL,NULL,NULL),(277,'Pruvost','Dominique',NULL,'Enim iusto et eum.','gaillard.martine@wanadoo.fr',NULL,NULL,NULL,NULL,'90334435','Armurier d\'art',0,'Mary',NULL,'Marchal-la-Forêt',NULL,NULL,'2020-04-05 21:09:54','2020-04-05 21:09:54',NULL,NULL,NULL),(278,'Godard','Daniel',NULL,'Et quia omnis ut sint.','tperez@dbmail.com',NULL,NULL,NULL,NULL,'90334435','Monteur de palettes',0,'Herve SAS',NULL,'Carre',NULL,NULL,'2020-04-05 21:09:54','2020-04-05 21:09:54',NULL,NULL,NULL),(279,'Perrier','Gilles',NULL,'Aliquam aut non dolore ullam.','constance82@nicolas.fr',NULL,NULL,NULL,NULL,'90334435','Géologue prospecteur',0,'Legendre',NULL,'Colletboeuf',NULL,NULL,'2020-04-05 21:09:54','2020-04-05 21:09:54',NULL,NULL,NULL),(280,'Fouquet','Jeanne',NULL,'Harum a qui odio.','zparent@fischer.fr',NULL,NULL,NULL,NULL,'90334435','Ramasseur d\'endives',0,'Costa',NULL,'Da Costa',NULL,NULL,'2020-04-05 21:09:54','2020-04-05 21:09:54',NULL,NULL,NULL),(281,'Martel','Aurore',NULL,'Ea ullam est alias.','matthieu.bazin@tiscali.fr',NULL,NULL,NULL,NULL,'90334435','Présentateur radio',0,'Louis',NULL,'Lopes',NULL,NULL,'2020-04-05 21:09:54','2020-04-05 21:09:54',NULL,NULL,NULL),(282,'Toussaint','Cécile',NULL,'In saepe debitis eos et.','rturpin@sfr.fr',NULL,NULL,NULL,NULL,'90334435','Marbrier-poseur',0,'Sauvage Laurent SAS',NULL,'Toussaint',NULL,NULL,'2020-04-05 21:09:54','2020-04-05 21:09:54',NULL,NULL,NULL),(283,'Lebon','Alphonse',NULL,'Similique nemo sed vitae.','margot93@guillon.org',NULL,NULL,NULL,NULL,'90334435','Technicien bovin',0,'Courtois',NULL,'Lefevre-sur-Blondel',NULL,NULL,'2020-04-05 21:09:54','2020-04-05 21:09:54',NULL,NULL,NULL),(284,'Bodin','Michelle',NULL,'Id ipsa quis aut nulla.','icoste@breton.net',NULL,NULL,NULL,NULL,'90334435','Conseiller relooking',0,'Godard S.A.R.L.',NULL,'De Oliveira-sur-Gaudin',NULL,NULL,'2020-04-05 21:09:55','2020-04-05 21:09:55',NULL,NULL,NULL),(285,'Leroux','Brigitte',NULL,'Iusto est vero autem atque.','valentin.benjamin@delahaye.com',NULL,NULL,NULL,NULL,'90334435','Chef du personnel',0,'Perret',NULL,'Regnier-les-Bains',NULL,NULL,'2020-04-05 21:09:55','2020-04-05 21:09:55',NULL,NULL,NULL),(286,'Perret','Benjamin',NULL,'Cumque iusto quia iste.','blondel.adelaide@laposte.net',NULL,NULL,NULL,NULL,'90334435','Pédologue',0,'Chartier',NULL,'Becker',NULL,NULL,'2020-04-05 21:09:55','2020-04-05 21:09:55',NULL,NULL,NULL),(287,'Rocher','Célina',NULL,'Nemo quam et quo.','dupuy.anais@vallee.com',NULL,NULL,NULL,NULL,'90334435','Verrier d\'art',0,'Teixeira SA',NULL,'Jacquot',NULL,NULL,'2020-04-05 21:09:55','2020-04-05 21:09:55',NULL,NULL,NULL),(288,'Langlois','Célina',NULL,'Quia sint repellendus et ut.','emerle@tanguy.com',NULL,NULL,NULL,NULL,'90334435','Géomètre du cadastre',0,'Guichard',NULL,'Delannoy',NULL,NULL,'2020-04-05 21:09:55','2020-04-05 21:09:55',NULL,NULL,NULL),(289,'Paul','Émile',NULL,'Quos voluptatibus iure ea.','arthur.royer@dbmail.com',NULL,NULL,NULL,NULL,'90334435','Bûcheron',0,'Couturier Chevallier SAS',NULL,'Lemoine',NULL,NULL,'2020-04-05 21:09:55','2020-04-05 21:09:55',NULL,NULL,NULL),(290,'Neveu','Nicole',NULL,'Aut qui quia cupiditate.','madeleine.marechal@laposte.net',NULL,NULL,NULL,NULL,'90334435','Services funéraires',0,'Martineau',NULL,'Bouchet',NULL,NULL,'2020-04-05 21:09:55','2020-04-05 21:09:55',NULL,NULL,NULL),(291,'Raynaud','Marcel',NULL,'Laudantium rerum ut totam.','eugene.lebrun@bodin.com',NULL,NULL,NULL,NULL,'90334435','Monteur de fermettes',0,'Gimenez',NULL,'Gautier-les-Bains',NULL,NULL,'2020-04-05 21:09:56','2020-04-05 21:09:56',NULL,NULL,NULL),(292,'Francois','Eugène',NULL,'Illum harum dolores magnam.','ocharles@dubois.fr',NULL,NULL,NULL,NULL,'90334435','Corniste',0,'Gilles',NULL,'Bousquet',NULL,NULL,'2020-04-05 21:09:56','2020-04-05 21:09:56',NULL,NULL,NULL),(293,'Gaillard','Guillaume',NULL,'Vel quam quibusdam explicabo.','therese.chevallier@seguin.net',NULL,NULL,NULL,NULL,'90334435','Fantaisiste',0,'Blondel Torres S.A.R.L.',NULL,'Delahaye',NULL,NULL,'2020-04-05 21:09:56','2020-04-05 21:09:56',NULL,NULL,NULL),(294,'Robert','Denise',NULL,'Earum rerum ea neque.','mleger@guichard.fr',NULL,NULL,NULL,NULL,'90334435','Preneur de son',0,'Camus',NULL,'Francois',NULL,NULL,'2020-04-05 21:09:56','2020-04-05 21:09:56',NULL,NULL,NULL),(295,'Jacques','Luce',NULL,'In in porro odit consequatur.','sandre@noos.fr',NULL,NULL,NULL,NULL,'90334435','Responsable télécoms',0,'Bonnin',NULL,'Gerard-les-Bains',NULL,NULL,'2020-04-05 21:09:56','2020-04-05 21:09:56',NULL,NULL,NULL),(296,'Leroy','Georges',NULL,'Maxime dolores quam minus.','philippine.lecoq@berger.fr',NULL,NULL,NULL,NULL,'90334435','Porion',0,'Dupuis',NULL,'RegnierBourg',NULL,NULL,'2020-04-05 21:09:56','2020-04-05 21:09:56',NULL,NULL,NULL),(297,'Raynaud','Olivier',NULL,'Delectus velit eaque harum.','theodore91@picard.net',NULL,NULL,NULL,NULL,'90334435','Surjeteur-raseur',0,'Fabre SA',NULL,'Dupuy',NULL,NULL,'2020-04-05 21:09:56','2020-04-05 21:09:56',NULL,NULL,NULL),(298,'Imbert','Michel',NULL,'Ipsum tenetur in qui fugit.','leon64@ifrance.com',NULL,NULL,NULL,NULL,'90334435','Ouvrier sidérurgiste',0,'Fournier',NULL,'ImbertVille',NULL,NULL,'2020-04-05 21:09:57','2020-04-05 21:09:57',NULL,NULL,NULL),(299,'Bouchet','Anaïs',NULL,'Aut enim odio sapiente ut.','lebreton.alain@free.fr',NULL,NULL,NULL,NULL,'90334435','Dégustateur',0,'Lambert',NULL,'Valette',NULL,NULL,'2020-04-05 21:09:57','2020-04-05 21:09:57',NULL,NULL,NULL),(300,'Roux','Henri',NULL,'Beatae aut quos est optio.','danielle.bousquet@giraud.com',NULL,NULL,NULL,NULL,'90334435','Comptable unique',0,'Francois et Fils',NULL,'Collet',NULL,NULL,'2020-04-05 21:09:57','2020-04-05 21:09:57',NULL,NULL,NULL),(301,'Techer','Victor',NULL,'Eveniet id beatae doloremque.','genevieve.lecoq@briand.com',NULL,NULL,NULL,NULL,'90334435','Sapeur-pompier',0,'Diallo',NULL,'Le Gall',NULL,NULL,'2020-04-05 21:09:57','2020-04-05 21:09:57',NULL,NULL,NULL),(302,'Michaud','Bernard',NULL,'Rerum dolorem magnam quam.','sdias@gimenez.com',NULL,NULL,NULL,NULL,'90334435','Opérateur piquage',0,'Hernandez',NULL,'Marin',NULL,NULL,'2020-04-05 21:09:57','2020-04-05 21:09:57',NULL,NULL,NULL),(303,'Barthelemy','François',NULL,'Aliquam et velit reiciendis.','emile45@live.com',NULL,NULL,NULL,NULL,'90334435','Elagueur-grimpeur',0,'Leclerc',NULL,'Delaunay-sur-Leclercq',NULL,NULL,'2020-04-05 21:09:57','2020-04-05 21:09:57',NULL,NULL,NULL),(304,'Pons','Sébastien',NULL,'Quis in sed ab et illo.','jacques.desousa@bouygtel.fr',NULL,NULL,NULL,NULL,'90334435','Billettiste voyages',0,'Chevallier Vasseur et Fils',NULL,'David-la-Forêt',NULL,NULL,'2020-04-05 21:09:57','2020-04-05 21:09:57',NULL,NULL,NULL),(305,'Bazin','Olivie',NULL,'Laboriosam nobis eos enim.','lorraine.courtois@dossantos.fr',NULL,NULL,NULL,NULL,'90334435','Plaquiste enduiseur',0,'Rodriguez SA',NULL,'LeducVille',NULL,NULL,'2020-04-05 21:09:57','2020-04-05 21:09:57',NULL,NULL,NULL),(306,'Faure','Capucine',NULL,'Itaque doloribus nobis sit.','martine.hoarau@lecoq.fr',NULL,NULL,NULL,NULL,'90334435','Corniste',0,'Allain',NULL,'Allard',NULL,NULL,'2020-04-05 21:09:58','2020-04-05 21:09:58',NULL,NULL,NULL),(307,'Riviere','Dominique',NULL,'Aut distinctio et optio ut.','laine.marthe@bouygtel.fr',NULL,NULL,NULL,NULL,'90334435','Foreur pétrole',0,'Maury S.A.',NULL,'DupuisBourg',NULL,NULL,'2020-04-05 21:09:58','2020-04-05 21:09:58',NULL,NULL,NULL),(308,'Charrier','Paul',NULL,'Maxime eos voluptatem ut eos.','laine.benjamin@club-internet.fr',NULL,NULL,NULL,NULL,'90334435','Archéologue',0,'Georges SAS',NULL,'LeducBourg',NULL,NULL,'2020-04-05 21:09:58','2020-04-05 21:09:58',NULL,NULL,NULL),(309,'Pelletier','Zacharie',NULL,'Omnis veniam fugiat est ut.','isaac.martins@wanadoo.fr',NULL,NULL,NULL,NULL,'90334435','Terminologue',0,'Marechal',NULL,'Allain',NULL,NULL,'2020-04-05 21:09:58','2020-04-05 21:09:58',NULL,NULL,NULL),(310,'Renault','Anne',NULL,'Sit illum nobis ut quia sit.','edith.lejeune@sfr.fr',NULL,NULL,NULL,NULL,'90334435','Gériatre',0,'Legrand S.A.S.',NULL,'Richard-sur-Langlois',NULL,NULL,'2020-04-05 21:09:58','2020-04-05 21:09:58',NULL,NULL,NULL),(311,'Guibert','Émilie',NULL,'Adipisci sed sint dicta sit.','josephine.pages@maurice.org',NULL,NULL,NULL,NULL,'90334435','Chef de scierie',0,'Dumas Dijoux S.A.S.',NULL,'Maillot',NULL,NULL,'2020-04-05 21:09:58','2020-04-05 21:09:58',NULL,NULL,NULL),(312,'Lebreton','Lucy',NULL,'Libero quia quis qui fugiat.','lopez.benoit@delorme.fr',NULL,NULL,NULL,NULL,'90334435','Commandant de police',0,'Mace',NULL,'Mahe',NULL,NULL,'2020-04-05 21:09:59','2020-04-05 21:09:59',NULL,NULL,NULL),(313,'Michaud','Alphonse',NULL,'Consequatur labore et error.','gilles57@carre.fr',NULL,NULL,NULL,NULL,'90334435','Opérateur géomètre',0,'Jourdan',NULL,'Duhamelnec',NULL,NULL,'2020-04-05 21:09:59','2020-04-05 21:09:59',NULL,NULL,NULL),(314,'Gay','Jacqueline',NULL,'Quia cumque placeat quia.','nathalie.ollivier@live.com',NULL,NULL,NULL,NULL,'90334435','Ravaleur-ragréeur',0,'Dupre',NULL,'Mercier-sur-Benoit',NULL,NULL,'2020-04-05 21:09:59','2020-04-05 21:09:59',NULL,NULL,NULL),(315,'Camus','Jeanne',NULL,'Quidem omnis distinctio ea.','christophe.martel@sfr.fr',NULL,NULL,NULL,NULL,'90334435','Responsable de salle',0,'Julien',NULL,'Rousseaunec',NULL,NULL,'2020-04-05 21:09:59','2020-04-05 21:09:59',NULL,NULL,NULL),(316,'Andre','Jules',NULL,'Velit et sint ea.','rousset.philippe@laporte.com',NULL,NULL,NULL,NULL,'90334435','Vendeur en lingerie',0,'Buisson SA',NULL,'Guichard-sur-Becker',NULL,NULL,'2020-04-05 21:09:59','2020-04-05 21:09:59',NULL,NULL,NULL),(317,'Besson','Xavier',NULL,'Sit et et id aut aut.','gomes.lucy@dbmail.com',NULL,NULL,NULL,NULL,'90334435','Plasticien',0,'Couturier S.A.R.L.',NULL,'Chauveau',NULL,NULL,'2020-04-05 21:09:59','2020-04-05 21:09:59',NULL,NULL,NULL),(318,'Merle','Stéphanie',NULL,'Quia similique eius ipsa.','wlebon@yahoo.fr',NULL,NULL,NULL,NULL,'90334435','Bâtonnier d\'art',0,'Ollivier',NULL,'Guibertdan',NULL,NULL,'2020-04-05 21:09:59','2020-04-05 21:09:59',NULL,NULL,NULL),(319,'Auger','Stéphanie',NULL,'Aliquam quia expedita alias.','margot05@grondin.fr',NULL,NULL,NULL,NULL,'90334435','Délégué vétérinaire',0,'Leconte et Fils',NULL,'Hebert-sur-Didier',NULL,NULL,'2020-04-05 21:09:59','2020-04-05 21:09:59',NULL,NULL,NULL),(320,'Joly','Chantal',NULL,'Fugiat sit sint sequi ut.','emmanuel.nicolas@hotmail.fr',NULL,NULL,NULL,NULL,'90334435','Story boarder',0,'Menard',NULL,'Ferrand',NULL,NULL,'2020-04-05 21:10:00','2020-04-05 21:10:00',NULL,NULL,NULL),(321,'David','Benoît',NULL,'Nihil qui atque similique.','daniel43@guillot.com',NULL,NULL,NULL,NULL,'90334435','Recherche',0,'Roche',NULL,'Lemaire',NULL,NULL,'2020-04-05 21:10:00','2020-04-05 21:10:00',NULL,NULL,NULL),(322,'Maurice','Tristan',NULL,'Quisquam labore qui quo eos.','dominique33@hotmail.fr',NULL,NULL,NULL,NULL,'90334435','Chiropraticien',0,'Lebreton Grondin SAS',NULL,'Sauvage-sur-Mer',NULL,NULL,'2020-04-05 21:10:00','2020-04-05 21:10:00',NULL,NULL,NULL),(323,'Alves','Jacqueline',NULL,'Ipsum at et dolorem natus.','marguerite74@voila.fr',NULL,NULL,NULL,NULL,'90334435','Premier clerc',0,'Morin',NULL,'Vallee-la-Forêt',NULL,NULL,'2020-04-05 21:10:00','2020-04-05 21:10:00',NULL,NULL,NULL),(324,'Mallet','Daniel',NULL,'Est est omnis placeat.','lucie.lopez@antoine.com',NULL,NULL,NULL,NULL,'90334435','Aide couvreur',0,'Fouquet Vasseur S.A.S.',NULL,'Levy',NULL,NULL,'2020-04-05 21:10:00','2020-04-05 21:10:00',NULL,NULL,NULL),(325,'Sauvage','Augustin',NULL,'Eos voluptatem officiis quia.','louise10@hotmail.fr',NULL,NULL,NULL,NULL,'90334435','Gardien de résidence',0,'Benoit S.A.R.L.',NULL,'Weber-sur-Costa',NULL,NULL,'2020-04-05 21:10:00','2020-04-05 21:10:00',NULL,NULL,NULL),(326,'Moulin','Alphonse',NULL,'Id illum omnis ut culpa.','marcel.guillon@gmail.com',NULL,NULL,NULL,NULL,'90334435','Verrier à la main',0,'Duval S.A.',NULL,'Dos Santos',NULL,NULL,'2020-04-05 21:10:00','2020-04-05 21:10:00',NULL,NULL,NULL),(327,'Imbert','Luce',NULL,'Tempore veniam est rerum ex.','kgilles@orange.fr',NULL,NULL,NULL,NULL,'90334435','Etiqueteur',0,'Gonzalez',NULL,'Garcia-sur-Fournier',NULL,NULL,'2020-04-05 21:10:01','2020-04-05 21:10:01',NULL,NULL,NULL),(328,'Masse','Christine',NULL,'A voluptatem et quos eveniet.','margot.hamel@charles.fr',NULL,NULL,NULL,NULL,'90334435','Epithésiste',0,'Godard',NULL,'Rousset-sur-Mer',NULL,NULL,'2020-04-05 21:10:01','2020-04-05 21:10:01',NULL,NULL,NULL),(329,'Marchal','Marianne',NULL,'Corrupti qui ut ullam.','diaz.margaret@lefevre.net',NULL,NULL,NULL,NULL,'90334435','Verrier à main levée',0,'Robert',NULL,'Gaillard',NULL,NULL,'2020-04-05 21:10:01','2020-04-05 21:10:01',NULL,NULL,NULL),(330,'Renaud','Timothée',NULL,'Non sed dolorem et veritatis.','klein.robert@tele2.fr',NULL,NULL,NULL,NULL,'90334435','Juge des enfants',0,'Bailly SA',NULL,'Leroux',NULL,NULL,'2020-04-05 21:10:01','2020-04-05 21:10:01',NULL,NULL,NULL),(331,'Evrard','Benoît',NULL,'Eius in ea occaecati fuga.','alphonse67@laposte.net',NULL,NULL,NULL,NULL,'90334435','Assistant de justice',0,'Perez',NULL,'Carre',NULL,NULL,'2020-04-05 21:10:01','2020-04-05 21:10:01',NULL,NULL,NULL),(332,'Alves','Hugues',NULL,'Amet deleniti autem ipsa.','bigot.claire@monnier.fr',NULL,NULL,NULL,NULL,'90334435','Opérateur piquage',0,'Boutin',NULL,'Merciernec',NULL,NULL,'2020-04-05 21:10:01','2020-04-05 21:10:01',NULL,NULL,NULL),(333,'Moulin','Sébastien',NULL,'Nam quam itaque aliquam.','cdasilva@ferreira.org',NULL,NULL,NULL,NULL,'90334435','Solier-moquettiste',0,'Rolland',NULL,'Voisinnec',NULL,NULL,'2020-04-05 21:10:02','2020-04-05 21:10:02',NULL,NULL,NULL),(334,'Paris','René',NULL,'Neque suscipit sint sed eum.','ihoarau@fouquet.com',NULL,NULL,NULL,NULL,'90334435','Mouliste drapeur',0,'Bouvier Antoine et Fils',NULL,'Regnier-sur-Schneider',NULL,NULL,'2020-04-05 21:10:02','2020-04-05 21:10:02',NULL,NULL,NULL),(335,'Cousin','Alphonse',NULL,'Consequuntur et placeat in.','isaac73@tele2.fr',NULL,NULL,NULL,NULL,'90334435','Facteur de clavecins',0,'Boulanger',NULL,'Bernier',NULL,NULL,'2020-04-05 21:10:02','2020-04-05 21:10:02',NULL,NULL,NULL),(336,'Louis','Alphonse',NULL,'In non suscipit et corporis.','ihenry@yahoo.fr',NULL,NULL,NULL,NULL,'90334435','Vendeur en lingerie',0,'Fontaine',NULL,'Maury',NULL,NULL,'2020-04-05 21:10:02','2020-04-05 21:10:02',NULL,NULL,NULL),(337,'Berthelot','Alix',NULL,'Est iure modi ut.','odette47@durand.org',NULL,NULL,NULL,NULL,'90334435','Pontonnier',0,'Dupuy',NULL,'Voisinnec',NULL,NULL,'2020-04-05 21:10:02','2020-04-05 21:10:02',NULL,NULL,NULL),(338,'Teixeira','Stéphane',NULL,'Omnis iste unde sequi.','michelle.gregoire@dbmail.com',NULL,NULL,NULL,NULL,'90334435','Aide couvreur',0,'Guyon',NULL,'Neveu-les-Bains',NULL,NULL,'2020-04-05 21:10:02','2020-04-05 21:10:02',NULL,NULL,NULL),(339,'Lenoir','Brigitte',NULL,'Ut voluptatum fugiat ab.','stephane12@ifrance.com',NULL,NULL,NULL,NULL,'90334435','Pontonnier',0,'Daniel S.A.',NULL,'Torres',NULL,NULL,'2020-04-05 21:10:02','2020-04-05 21:10:02',NULL,NULL,NULL),(340,'Mendes','Michelle',NULL,'Aut ab ut vel id.','andre.verdier@orange.fr',NULL,NULL,NULL,NULL,'90334435','Ingénieur logistique',0,'Garnier et Fils',NULL,'Francois',NULL,NULL,'2020-04-05 21:10:03','2020-04-05 21:10:03',NULL,NULL,NULL),(341,'Girard','Louise',NULL,'Iure ut autem ut natus.','noel.lorraine@yahoo.fr',NULL,NULL,NULL,NULL,'90334435','Chanteur',0,'Laporte et Fils',NULL,'Chartier',NULL,NULL,'2020-04-05 21:10:03','2020-04-05 21:10:03',NULL,NULL,NULL),(342,'Roux','Christine',NULL,'Id eveniet velit animi odit.','zdacosta@free.fr',NULL,NULL,NULL,NULL,'90334435','Opérateur du son',0,'Guichard Hernandez S.A.S.',NULL,'Fauredan',NULL,NULL,'2020-04-05 21:10:03','2020-04-05 21:10:03',NULL,NULL,NULL),(343,'Lebon','Christophe',NULL,'Nihil vel et facilis.','cdurand@club-internet.fr',NULL,NULL,NULL,NULL,'90334435','Testeur informatique',0,'Francois S.A.S.',NULL,'Ferrand',NULL,NULL,'2020-04-05 21:10:03','2020-04-05 21:10:03',NULL,NULL,NULL),(344,'Fontaine','Hugues',NULL,'In quibusdam aut totam.','louis.gauthier@hubert.com',NULL,NULL,NULL,NULL,'90334435','Vendeur carreau',0,'Maillot Ollivier S.A.S.',NULL,'Vallee',NULL,NULL,'2020-04-05 21:10:03','2020-04-05 21:10:03',NULL,NULL,NULL),(345,'Giraud','Michelle',NULL,'Ex velit debitis qui.','bernard.robin@mary.com',NULL,NULL,NULL,NULL,'90334435','Opérateur de plateau',0,'Tanguy',NULL,'Perez-sur-Peron',NULL,NULL,'2020-04-05 21:10:03','2020-04-05 21:10:03',NULL,NULL,NULL),(346,'Gimenez','Valérie',NULL,'Rem explicabo vel est esse.','lejeune.hortense@coulon.fr',NULL,NULL,NULL,NULL,'90334435','Mouliste drapeur',0,'Leroux Bodin SA',NULL,'Maillet-sur-Moreno',NULL,NULL,'2020-04-05 21:10:03','2020-04-05 21:10:03',NULL,NULL,NULL),(347,'Cousin','Alain',NULL,'Eius nisi sit reprehenderit.','vallee.marcel@dbmail.com',NULL,NULL,NULL,NULL,'90334435','Coach sportif',0,'Deschamps',NULL,'Cohen',NULL,NULL,'2020-04-05 21:10:04','2020-04-05 21:10:04',NULL,NULL,NULL),(348,'Meunier','Zoé',NULL,'Esse qui culpa et incidunt.','dumas.suzanne@leroux.fr',NULL,NULL,NULL,NULL,'90334435','Chanteur',0,'Legrand',NULL,'Fischer',NULL,NULL,'2020-04-05 21:10:04','2020-04-05 21:10:04',NULL,NULL,NULL),(349,'Ramos','Yves',NULL,'Eos rerum non ut optio.','jean05@tanguy.fr',NULL,NULL,NULL,NULL,'90334435','Aide à domicile',0,'Clement Leclerc S.A.R.L.',NULL,'Lefevre',NULL,NULL,'2020-04-05 21:10:04','2020-04-05 21:10:04',NULL,NULL,NULL),(350,'Paris','Alfred',NULL,'Adipisci ad odio sunt nobis.','fernandez.maryse@torres.com',NULL,NULL,NULL,NULL,'90334435','Vendeur carreau',0,'Marin S.A.S.',NULL,'Bonneau-sur-Mer',NULL,NULL,'2020-04-05 21:10:04','2020-04-05 21:10:04',NULL,NULL,NULL),(351,'Tessier','Constance',NULL,'Excepturi ea et tenetur.','dijoux.therese@guichard.fr',NULL,NULL,NULL,NULL,'90334435','Paléontologue',0,'Dupont',NULL,'Ferreira',NULL,NULL,'2020-04-05 21:10:04','2020-04-05 21:10:04',NULL,NULL,NULL),(352,'Petit','Eugène',NULL,'Ipsa veritatis impedit hic.','patrick84@etienne.fr',NULL,NULL,NULL,NULL,'90334435','Mouleur sable',0,'Morvan Jean S.A.R.L.',NULL,'Lenoir',NULL,NULL,'2020-04-05 21:10:04','2020-04-05 21:10:04',NULL,NULL,NULL),(353,'Weiss','Dominique',NULL,'Iure quia qui autem mollitia.','aime.dupre@hotmail.fr',NULL,NULL,NULL,NULL,'90334435','Piqueur en ganterie',0,'Moreno Morin et Fils',NULL,'De Sousa',NULL,NULL,'2020-04-05 21:10:04','2020-04-05 21:10:04',NULL,NULL,NULL),(354,'Grondin','Jeannine',NULL,'Sit et delectus et eveniet.','aubry.thibault@voisin.com',NULL,NULL,NULL,NULL,'90334435','Comptable unique',0,'Guyot Pasquier SAS',NULL,'Lopesnec',NULL,NULL,'2020-04-05 21:10:04','2020-04-05 21:10:04',NULL,NULL,NULL),(355,'Mallet','Jeanne',NULL,'Sed earum perspiciatis earum.','renard.hugues@david.fr',NULL,NULL,NULL,NULL,'90334435','Géomètre du cadastre',0,'Leveque',NULL,'BaudryBourg',NULL,NULL,'2020-04-05 21:10:05','2020-04-05 21:10:05',NULL,NULL,NULL),(356,'Rocher','Lucie',NULL,'Rerum qui fugiat atque.','nbernier@dacosta.org',NULL,NULL,NULL,NULL,'90334435','Bruiteur',0,'Adam',NULL,'Philippe-sur-Berthelot',NULL,NULL,'2020-04-05 21:10:05','2020-04-05 21:10:05',NULL,NULL,NULL),(357,'Germain','Renée',NULL,'Incidunt earum et est et.','adijoux@laposte.net',NULL,NULL,NULL,NULL,'90334435','Chromiste',0,'Besnard Menard et Fils',NULL,'Blin',NULL,NULL,'2020-04-05 21:10:05','2020-04-05 21:10:05',NULL,NULL,NULL),(358,'Philippe','Dorothée',NULL,'Dolorem aut rerum quis.','nathalie75@adam.com',NULL,NULL,NULL,NULL,'90334435','Ouvrier sidérurgiste',0,'Guilbert Hoarau SAS',NULL,'Boucher',NULL,NULL,'2020-04-05 21:10:05','2020-04-05 21:10:05',NULL,NULL,NULL),(359,'Diallo','Corinne',NULL,'Pariatur atque vero in.','aime21@legendre.fr',NULL,NULL,NULL,NULL,'90334435','Pédologue',0,'Guillou S.A.R.L.',NULL,'LegerVille',NULL,NULL,'2020-04-05 21:10:05','2020-04-05 21:10:05',NULL,NULL,NULL),(360,'Morin','Thérèse',NULL,'Vel ut enim sed sit.','nlesage@sfr.fr',NULL,NULL,NULL,NULL,'90334435','Feutier',0,'Brun Berthelot SAS',NULL,'Carlier',NULL,NULL,'2020-04-05 21:10:05','2020-04-05 21:10:05',NULL,NULL,NULL),(361,'Gonzalez','Étienne',NULL,'Qui ea officiis non eum.','isabelle.marchand@voila.fr',NULL,NULL,NULL,NULL,'90334435','Projeteur béton armé',0,'Techer Boyer SAS',NULL,'Dupuy',NULL,NULL,'2020-04-05 21:10:05','2020-04-05 21:10:05',NULL,NULL,NULL),(362,'Bouvet','Renée',NULL,'Beatae velit soluta ex sed.','maurice12@dbmail.com',NULL,NULL,NULL,NULL,'90334435','Diététicien conseil',0,'Lucas',NULL,'Potier-sur-Guyon',NULL,NULL,'2020-04-05 21:10:06','2020-04-05 21:10:06',NULL,NULL,NULL),(363,'Giraud','Émile',NULL,'Et fugiat molestias dolor.','hugues02@hamel.fr',NULL,NULL,NULL,NULL,'90334435','Gérant d\'hôtel',0,'Morvan Klein S.A.',NULL,'Rousseau',NULL,NULL,'2020-04-05 21:10:06','2020-04-05 21:10:06',NULL,NULL,NULL),(364,'Boutin','Sophie',NULL,'Maiores sapiente illo ad et.','suzanne.vallet@perret.fr',NULL,NULL,NULL,NULL,'90334435','Vendeur en meubles',0,'Royer Laine SAS',NULL,'Dupuy',NULL,NULL,'2020-04-05 21:10:06','2020-04-05 21:10:06',NULL,NULL,NULL),(365,'Alexandre','Dominique',NULL,'Ipsa iusto sunt beatae et.','caron.hortense@tiscali.fr',NULL,NULL,NULL,NULL,'90334435','Chiropraticien',0,'Hernandez S.A.R.L.',NULL,'Schmitt',NULL,NULL,'2020-04-05 21:10:06','2020-04-05 21:10:06',NULL,NULL,NULL),(366,'Sauvage','Léon',NULL,'Architecto modi libero et.','eleonore21@gmail.com',NULL,NULL,NULL,NULL,'90334435','Cameraman',0,'Francois',NULL,'Carre',NULL,NULL,'2020-04-05 21:10:06','2020-04-05 21:10:06',NULL,NULL,NULL),(367,'Fournier','Luc',NULL,'Ut et et quia ut et in id.','cordier.aimee@bouygtel.fr',NULL,NULL,NULL,NULL,'90334435','Capitaine de pêche',0,'Raymond',NULL,'Besnard',NULL,NULL,'2020-04-05 21:10:07','2020-04-05 21:10:07',NULL,NULL,NULL),(368,'Brunet','Christiane',NULL,'Modi qui quo doloribus.','michele19@schneider.fr',NULL,NULL,NULL,NULL,'90334435','Recuiseur',0,'Barthelemy Ramos SA',NULL,'Rouxdan',NULL,NULL,'2020-04-05 21:10:07','2020-04-05 21:10:07',NULL,NULL,NULL),(369,'Arnaud','Franck',NULL,'Doloribus at rem repellat.','monique22@roux.com',NULL,NULL,NULL,NULL,'90334435','Technicien bovin',0,'Masson',NULL,'PerretVille',NULL,NULL,'2020-04-05 21:10:07','2020-04-05 21:10:07',NULL,NULL,NULL),(370,'Pages','Anaïs',NULL,'Quia in autem ea officiis.','lucas79@gilles.fr',NULL,NULL,NULL,NULL,'90334435','Stucateur',0,'Guillon S.A.',NULL,'Perrier-sur-Mercier',NULL,NULL,'2020-04-05 21:10:07','2020-04-05 21:10:07',NULL,NULL,NULL),(371,'Guibert','Daniel',NULL,'Totam quia nam eum eaque.','bousquet.bernard@imbert.fr',NULL,NULL,NULL,NULL,'90334435','Ingénieur géomètre',0,'Raymond',NULL,'Voisin',NULL,NULL,'2020-04-05 21:10:08','2020-04-05 21:10:08',NULL,NULL,NULL),(372,'Lopes','Thérèse',NULL,'Nesciunt ut eligendi id.','rbouvet@blanchard.fr',NULL,NULL,NULL,NULL,'90334435','Logopède',0,'Verdier',NULL,'Guerin',NULL,NULL,'2020-04-05 21:10:08','2020-04-05 21:10:08',NULL,NULL,NULL),(373,'Huet','Suzanne',NULL,'Nostrum beatae ad quo sunt.','penelope.chartier@martineau.com',NULL,NULL,NULL,NULL,'90334435','Epithésiste',0,'Hoareau',NULL,'Poirierboeuf',NULL,NULL,'2020-04-05 21:10:08','2020-04-05 21:10:08',NULL,NULL,NULL),(374,'Berger','Marguerite',NULL,'Deserunt dolore qui sit.','evrard.matthieu@orange.fr',NULL,NULL,NULL,NULL,'90334435','Agent d\'accueil',0,'Allain Gregoire SA',NULL,'Lambert',NULL,NULL,'2020-04-05 21:10:08','2020-04-05 21:10:08',NULL,NULL,NULL),(375,'Bouvet','Monique',NULL,'Est voluptatem vel et ad sed.','xavier.petit@laposte.net',NULL,NULL,NULL,NULL,'90334435','Vendeur carreau',0,'Samson S.A.R.L.',NULL,'Rey-la-Forêt',NULL,NULL,'2020-04-05 21:10:08','2020-04-05 21:10:08',NULL,NULL,NULL),(376,'Marchand','Véronique',NULL,'Ex enim suscipit impedit.','grenier.claudine@schmitt.com',NULL,NULL,NULL,NULL,'90334435','Ambassadeur',0,'Marie',NULL,'Reyboeuf',NULL,NULL,'2020-04-05 21:10:08','2020-04-05 21:10:08',NULL,NULL,NULL),(377,'Rousset','Alphonse',NULL,'Et eaque cum rerum numquam.','marianne.schmitt@wanadoo.fr',NULL,NULL,NULL,NULL,'90334435','Pizzaïolo',0,'Alexandre Pinto S.A.S.',NULL,'Martin',NULL,NULL,'2020-04-05 21:10:08','2020-04-05 21:10:08',NULL,NULL,NULL),(378,'Besson','Suzanne',NULL,'Autem ut natus ullam et.','umarty@yahoo.fr',NULL,NULL,NULL,NULL,'90334435','Frigoriste maritime',0,'Colas S.A.R.L.',NULL,'Deschamps-sur-Bernier',NULL,NULL,'2020-04-05 21:10:09','2020-04-05 21:10:09',NULL,NULL,NULL),(379,'Cousin','Léon',NULL,'Odio soluta beatae ullam.','antoine.joubert@yahoo.fr',NULL,NULL,NULL,NULL,'90334435','Trieur de métaux',0,'Colas S.A.S.',NULL,'Humbert',NULL,NULL,'2020-04-05 21:10:09','2020-04-05 21:10:09',NULL,NULL,NULL),(380,'Fleury','Tristan',NULL,'A nesciunt qui sit.','jacques.constance@barbe.com',NULL,NULL,NULL,NULL,'90334435','Façadier-bardeur',0,'Lacroix S.A.S.',NULL,'Marchand',NULL,NULL,'2020-04-05 21:10:09','2020-04-05 21:10:09',NULL,NULL,NULL),(381,'Vaillant','Pauline',NULL,'Dolorem nobis earum fugiat.','allard.jacques@henry.com',NULL,NULL,NULL,NULL,'90334435','Animateur d\'écomusée',0,'Perret et Fils',NULL,'Guillaume',NULL,NULL,'2020-04-05 21:10:09','2020-04-05 21:10:09',NULL,NULL,NULL),(382,'Jacquet','Édouard',NULL,'Iste ipsa quas accusantium.','martineau.etienne@pereira.net',NULL,NULL,NULL,NULL,'90334435','Pizzaïolo',0,'Laroche SAS',NULL,'Chevallier-sur-Pelletier',NULL,NULL,'2020-04-05 21:10:09','2020-04-05 21:10:09',NULL,NULL,NULL),(383,'Da Silva','Thierry',NULL,'Sit soluta eum dolores id.','philippine.millet@free.fr',NULL,NULL,NULL,NULL,'90334435','Primeuriste',0,'Didier',NULL,'Hebert-sur-Cordier',NULL,NULL,'2020-04-05 21:10:09','2020-04-05 21:10:09',NULL,NULL,NULL),(384,'Lefort','Jeannine',NULL,'Quo dolorem nam est.','fischer.georges@valentin.fr',NULL,NULL,NULL,NULL,'90334435','Chef des ventes',0,'Lemonnier Alexandre S.A.R.L.',NULL,'JacobBourg',NULL,NULL,'2020-04-05 21:10:09','2020-04-05 21:10:09',NULL,NULL,NULL),(385,'Becker','Henri',NULL,'Dolore et nemo dicta qui.','mace.michel@gmail.com',NULL,NULL,NULL,NULL,'90334435','Maçon-fumiste',0,'Barbier',NULL,'Carre',NULL,NULL,'2020-04-05 21:10:10','2020-04-05 21:10:10',NULL,NULL,NULL),(386,'Jacob','Martin',NULL,'Tempora modi nihil qui.','patrick52@antoine.com',NULL,NULL,NULL,NULL,'90334435','Régleur sur tour',0,'Barbier Lebrun SAS',NULL,'Bodin',NULL,NULL,'2020-04-05 21:10:10','2020-04-05 21:10:10',NULL,NULL,NULL),(387,'Ruiz','Dominique',NULL,'Mollitia aperiam ut ad error.','claire.reynaud@bruneau.com',NULL,NULL,NULL,NULL,'90334435','Agro-économiste',0,'Reynaud Prevost S.A.R.L.',NULL,'Dias-sur-Mer',NULL,NULL,'2020-04-05 21:10:10','2020-04-05 21:10:10',NULL,NULL,NULL),(388,'Normand','Bernard',NULL,'Atque et quia occaecati ex.','stexier@henry.fr',NULL,NULL,NULL,NULL,'90334435','Parqueteur',0,'Bigot',NULL,'Petit',NULL,NULL,'2020-04-05 21:10:10','2020-04-05 21:10:10',NULL,NULL,NULL),(389,'Fischer','Alex',NULL,'Animi explicabo ea non optio.','jules46@boyer.fr',NULL,NULL,NULL,NULL,'90334435','Extraction',0,'Leroux',NULL,'Pauldan',NULL,NULL,'2020-04-05 21:10:10','2020-04-05 21:10:10',NULL,NULL,NULL),(390,'Nicolas','Adrien',NULL,'Ex ut vel enim quisquam.','ygimenez@hotmail.fr',NULL,NULL,NULL,NULL,'90334435','Styliste graphiste',0,'Gaillard Marechal S.A.S.',NULL,'Chevallier-sur-Rolland',NULL,NULL,'2020-04-05 21:10:10','2020-04-05 21:10:10',NULL,NULL,NULL),(391,'Jean','René',NULL,'Possimus et dolor vel et sed.','fleury.denis@breton.fr',NULL,NULL,NULL,NULL,'90334435','Projeteur béton armé',0,'Vidal',NULL,'Paulboeuf',NULL,NULL,'2020-04-05 21:10:10','2020-04-05 21:10:10',NULL,NULL,NULL),(392,'Couturier','Édouard',NULL,'Qui amet vel quam expedita.','jpereira@yahoo.fr',NULL,NULL,NULL,NULL,'90334435','Costumier-habilleur',0,'Aubert',NULL,'Chauveau-sur-Brun',NULL,NULL,'2020-04-05 21:10:10','2020-04-05 21:10:10',NULL,NULL,NULL),(393,'Buisson','Paulette',NULL,'Similique sequi ab nihil.','bduval@tele2.fr',NULL,NULL,NULL,NULL,'90334435','Posticheur spectacle',0,'Guillot SARL',NULL,'Bigot',NULL,NULL,'2020-04-05 21:10:11','2020-04-05 21:10:11',NULL,NULL,NULL),(394,'Hamel','Denise',NULL,'Et natus porro dolorum odio.','bonneau.bernard@renard.org',NULL,NULL,NULL,NULL,'90334435','Monteur de palettes',0,'Millet',NULL,'Brunel-la-Forêt',NULL,NULL,'2020-04-05 21:10:11','2020-04-05 21:10:11',NULL,NULL,NULL),(395,'Remy','Adrien',NULL,'Placeat debitis at nemo quia.','marcel.garnier@tiscali.fr',NULL,NULL,NULL,NULL,'90334435','Promotion des ventes',0,'Le Gall Allain S.A.R.L.',NULL,'Payet',NULL,NULL,'2020-04-05 21:10:11','2020-04-05 21:10:11',NULL,NULL,NULL),(396,'Marie','Véronique',NULL,'Accusamus quis quaerat vitae.','laroche.bertrand@legendre.fr',NULL,NULL,NULL,NULL,'90334435','Hôte de caisse',0,'Prevost',NULL,'Gilles',NULL,NULL,'2020-04-05 21:10:11','2020-04-05 21:10:11',NULL,NULL,NULL),(397,'Hebert','Louis',NULL,'Neque voluptate qui non non.','etienne.costa@peltier.com',NULL,NULL,NULL,NULL,'90334435','Net surfeur surfeuse',0,'Gosselin S.A.S.',NULL,'Delaunay',NULL,NULL,'2020-04-05 21:10:11','2020-04-05 21:10:11',NULL,NULL,NULL),(398,'Evrard','Stéphane',NULL,'Soluta dolor aliquam neque.','martel.andre@weber.fr',NULL,NULL,NULL,NULL,'90334435','Armurier d\'art',0,'Lopes',NULL,'Collin-la-Forêt',NULL,NULL,'2020-04-05 21:10:11','2020-04-05 21:10:11',NULL,NULL,NULL),(399,'Thomas','Renée',NULL,'Quis at illum quo.','olivier.prevost@berger.fr',NULL,NULL,NULL,NULL,'90334435','Technicien énergie',0,'Lagarde Chretien SA',NULL,'Leroy',NULL,NULL,'2020-04-05 21:10:11','2020-04-05 21:10:11',NULL,NULL,NULL),(400,'Carpentier','Sabine',NULL,'Et distinctio ullam eos cum.','christelle.gros@launay.com',NULL,NULL,NULL,NULL,'90334435','Maquilleur spectacle',0,'Dias',NULL,'Henry-sur-Rodrigues',NULL,NULL,'2020-04-05 21:10:12','2020-04-05 21:10:12',NULL,NULL,NULL),(401,'Le Goff','Raymond',NULL,'Rem et aliquid totam modi.','charles18@muller.fr',NULL,NULL,NULL,NULL,'90334435','Maçon-fumiste',0,'Guyon Guillaume S.A.S.',NULL,'Albert-sur-Mer',NULL,NULL,'2020-04-05 21:10:12','2020-04-05 21:10:12',NULL,NULL,NULL),(402,'Boyer','Olivier',NULL,'Aut est blanditiis labore.','alfred.deschamps@gomes.com',NULL,NULL,NULL,NULL,'90334435','Verrier à main levée',0,'Da Costa',NULL,'Guyot-les-Bains',NULL,NULL,'2020-04-05 21:10:12','2020-04-05 21:10:12',NULL,NULL,NULL),(403,'Royer','Capucine',NULL,'Esse aut qui quibusdam.','nicolas61@gmail.com',NULL,NULL,NULL,NULL,'90334435','Marin grande pêche',0,'Labbe',NULL,'Leleu',NULL,NULL,'2020-04-05 21:10:12','2020-04-05 21:10:12',NULL,NULL,NULL),(404,'Joly','Isaac',NULL,'Dolorem quos aut non autem.','couturier.timothee@noos.fr',NULL,NULL,NULL,NULL,'90334435','Primeuriste',0,'Barbier Thomas et Fils',NULL,'Morel',NULL,NULL,'2020-04-05 21:10:12','2020-04-05 21:10:12',NULL,NULL,NULL),(405,'Blot','Michel',NULL,'Et aut et voluptas.','therese05@begue.fr',NULL,NULL,NULL,NULL,'90334435','Conseiller funéraire',0,'Fernandez',NULL,'Hamel-la-Forêt',NULL,NULL,'2020-04-05 21:10:12','2020-04-05 21:10:12',NULL,NULL,NULL),(406,'Barbier','Marcelle',NULL,'Iste ullam error aut.','faure.gilles@vaillant.fr',NULL,NULL,NULL,NULL,'90334435','Vidéo-jockey',0,'Pages S.A.R.L.',NULL,'Guyot',NULL,NULL,'2020-04-05 21:10:12','2020-04-05 21:10:12',NULL,NULL,NULL),(407,'Ollivier','Gilbert',NULL,'Non rerum qui enim.','wmaillard@sfr.fr',NULL,NULL,NULL,NULL,'90334435','Radio chargeur',0,'Le Roux',NULL,'Brunet',NULL,NULL,'2020-04-05 21:10:12','2020-04-05 21:10:12',NULL,NULL,NULL),(408,'Godard','Richard',NULL,'Maiores aut neque odit eaque.','thomas.marion@perrin.com',NULL,NULL,NULL,NULL,'90334435','Elagueur-botteur',0,'Grenier Leduc S.A.R.L.',NULL,'Lemaitre-sur-Grondin',NULL,NULL,'2020-04-05 21:10:12','2020-04-05 21:10:12',NULL,NULL,NULL),(409,'Guyot','Christiane',NULL,'Autem veniam eaque vitae.','cohen.julien@orange.fr',NULL,NULL,NULL,NULL,'90334435','Animateur web',0,'Weiss et Fils',NULL,'Payet',NULL,NULL,'2020-04-05 21:10:13','2020-04-05 21:10:13',NULL,NULL,NULL),(410,'Lemaitre','Grégoire',NULL,'Aut et sunt voluptas.','tbarbe@laroche.fr',NULL,NULL,NULL,NULL,'90334435','Chanteur',0,'Lagarde SA',NULL,'Colletboeuf',NULL,NULL,'2020-04-05 21:10:13','2020-04-05 21:10:13',NULL,NULL,NULL),(411,'Voisin','Rémy',NULL,'Fugit earum atque rerum eos.','josette80@pichon.fr',NULL,NULL,NULL,NULL,'90334435','Agent d\'entreposage',0,'Morin',NULL,'Leroy',NULL,NULL,'2020-04-05 21:10:13','2020-04-05 21:10:13',NULL,NULL,NULL),(412,'Lambert','Emmanuel',NULL,'Sit voluptas eum sit velit.','sdupre@bouygtel.fr',NULL,NULL,NULL,NULL,'90334435','Assistant styliste',0,'Marchal Humbert S.A.R.L.',NULL,'Hardy',NULL,NULL,'2020-04-05 21:10:13','2020-04-05 21:10:13',NULL,NULL,NULL),(413,'Roger','Grégoire',NULL,'Explicabo labore ea ut.','duhamel.william@chevalier.com',NULL,NULL,NULL,NULL,'90334435','Monteur-truquiste',0,'Techer',NULL,'PoulainVille',NULL,NULL,'2020-04-05 21:10:13','2020-04-05 21:10:13',NULL,NULL,NULL),(414,'Gaillard','Honoré',NULL,'Autem qui aut neque.','noel59@tele2.fr',NULL,NULL,NULL,NULL,'90334435','Hôte de caisse',0,'Pineau',NULL,'Pruvost',NULL,NULL,'2020-04-05 21:10:13','2020-04-05 21:10:13',NULL,NULL,NULL),(415,'Bonnin','François',NULL,'Mollitia ut eum minus magnam.','aurelie40@bailly.fr',NULL,NULL,NULL,NULL,'90334435','Embouteilleur',0,'Teixeira Rodriguez SA',NULL,'De Sousa',NULL,NULL,'2020-04-05 21:10:13','2020-04-05 21:10:13',NULL,NULL,NULL),(416,'Boulay','Timothée',NULL,'Alias quis libero et omnis.','pchauvet@orange.fr',NULL,NULL,NULL,NULL,'90334435','Percepteur',0,'Fernandez',NULL,'Gauthier',NULL,NULL,'2020-04-05 21:10:13','2020-04-05 21:10:13',NULL,NULL,NULL),(417,'Leduc','Amélie',NULL,'Cupiditate placeat vitae est.','wpasquier@gmail.com',NULL,NULL,NULL,NULL,'90334435','Preneur de son',0,'Roger',NULL,'Costa',NULL,NULL,'2020-04-05 21:10:14','2020-04-05 21:10:14',NULL,NULL,NULL),(418,'Blot','Lorraine',NULL,'Non distinctio et aut.','desousa.francois@sfr.fr',NULL,NULL,NULL,NULL,'90334435','Toiliste',0,'Martinez Adam et Fils',NULL,'Besnard-sur-David',NULL,NULL,'2020-04-05 21:10:14','2020-04-05 21:10:14',NULL,NULL,NULL),(419,'Gerard','Vincent',NULL,'Vel quod magni nesciunt.','gerard45@joly.fr',NULL,NULL,NULL,NULL,'90334435','Décorateur-costumier',0,'Baudry SAS',NULL,'HubertBourg',NULL,NULL,'2020-04-05 21:10:14','2020-04-05 21:10:14',NULL,NULL,NULL),(420,'Legrand','Alexandrie',NULL,'Ut minima ullam quasi omnis.','jacques54@club-internet.fr',NULL,NULL,NULL,NULL,'90334435','Céramiste concepteur',0,'Didier',NULL,'Gilbert-la-Forêt',NULL,NULL,'2020-04-05 21:10:14','2020-04-05 21:10:14',NULL,NULL,NULL),(421,'Diallo','Denise',NULL,'Vero est dolorum iste rerum.','franck68@dbmail.com',NULL,NULL,NULL,NULL,'90334435','Technicien géomètre',0,'Dias',NULL,'Garnier',NULL,NULL,'2020-04-05 21:10:14','2020-04-05 21:10:14',NULL,NULL,NULL),(422,'Roche','Philippine',NULL,'Magni ducimus et voluptatem.','collin.christophe@free.fr',NULL,NULL,NULL,NULL,'90334435','Palefrenier',0,'Giraud',NULL,'Delaunay',NULL,NULL,'2020-04-05 21:10:14','2020-04-05 21:10:14',NULL,NULL,NULL),(423,'Coste','Michèle',NULL,'Veniam minus facilis qui sit.','pasquier.francois@bouygtel.fr',NULL,NULL,NULL,NULL,'90334435','Chef monteur son',0,'Gosselin',NULL,'Vaillant',NULL,NULL,'2020-04-05 21:10:14','2020-04-05 21:10:14',NULL,NULL,NULL),(424,'Delattre','Julien',NULL,'Eaque sunt mollitia rerum.','guillot.hortense@noos.fr',NULL,NULL,NULL,NULL,'90334435','Sertisseur',0,'Evrard',NULL,'Rochernec',NULL,NULL,'2020-04-05 21:10:14','2020-04-05 21:10:14',NULL,NULL,NULL),(425,'Leroy','René',NULL,'Qui minima aut officia nihil.','opires@free.fr',NULL,NULL,NULL,NULL,'90334435','Gardien de résidence',0,'Olivier',NULL,'Deschamps',NULL,NULL,'2020-04-05 21:10:15','2020-04-05 21:10:15',NULL,NULL,NULL),(426,'Maillard','Guillaume',NULL,'Sit nostrum modi dicta quo.','henri45@costa.org',NULL,NULL,NULL,NULL,'90334435','Etiqueteur',0,'Bouvet',NULL,'Lebreton',NULL,NULL,'2020-04-05 21:10:15','2020-04-05 21:10:15',NULL,NULL,NULL),(427,'Coste','Nathalie',NULL,'Quam hic harum possimus sint.','qgodard@tele2.fr',NULL,NULL,NULL,NULL,'90334435','Aide-déménageur',0,'Cordier',NULL,'Pinto-sur-Mer',NULL,NULL,'2020-04-05 21:10:15','2020-04-05 21:10:15',NULL,NULL,NULL),(428,'Da Silva','Franck',NULL,'Quidem culpa aut officiis.','reynaud.benoit@lemaire.com',NULL,NULL,NULL,NULL,'90334435','Carrier',0,'Bernard David SAS',NULL,'Charrier-sur-Carlier',NULL,NULL,'2020-04-05 21:10:15','2020-04-05 21:10:15',NULL,NULL,NULL),(429,'Lebon','Christiane',NULL,'Impedit aliquid et eligendi.','munoz.noemi@gmail.com',NULL,NULL,NULL,NULL,'90334435','Commandant de police',0,'Mace',NULL,'Perrinboeuf',NULL,NULL,'2020-04-05 21:10:15','2020-04-05 21:10:15',NULL,NULL,NULL),(430,'Blanchet','Grégoire',NULL,'Ut eos impedit sapiente eum.','alex.didier@remy.fr',NULL,NULL,NULL,NULL,'90334435','Copiste offset',0,'Gerard',NULL,'Boutin',NULL,NULL,'2020-04-05 21:10:15','2020-04-05 21:10:15',NULL,NULL,NULL),(431,'Hebert','Henriette',NULL,'Velit at ut laborum et qui.','marthe93@bigot.fr',NULL,NULL,NULL,NULL,'90334435','Monteur de fermettes',0,'Lacroix',NULL,'Hebertnec',NULL,NULL,'2020-04-05 21:10:15','2020-04-05 21:10:15',NULL,NULL,NULL),(432,'Riou','Victoire',NULL,'Iure nisi perferendis ut ad.','qgerard@torres.org',NULL,NULL,NULL,NULL,'90334435','Mannequin détail',0,'Guillon',NULL,'Grenier-sur-Arnaud',NULL,NULL,'2020-04-05 21:10:16','2020-04-05 21:10:16',NULL,NULL,NULL),(433,'Dubois','Pénélope',NULL,'Dicta et id omnis.','matthieu69@besson.net',NULL,NULL,NULL,NULL,'90334435','Trieur de métaux',0,'Becker',NULL,'Rodriguez',NULL,NULL,'2020-04-05 21:10:16','2020-04-05 21:10:16',NULL,NULL,NULL),(434,'Brunet','Anouk',NULL,'Ab et rerum animi voluptatem.','vidal.jeanne@ifrance.com',NULL,NULL,NULL,NULL,'90334435','Vendeur en lingerie',0,'Blot S.A.',NULL,'Costa',NULL,NULL,'2020-04-05 21:10:16','2020-04-05 21:10:16',NULL,NULL,NULL),(435,'Weiss','Suzanne',NULL,'Aut tempora dolorem et.','mendes.isaac@noos.fr',NULL,NULL,NULL,NULL,'90334435','Monteur prototypiste',0,'Royer',NULL,'Lucas-sur-De Sousa',NULL,NULL,'2020-04-05 21:10:16','2020-04-05 21:10:16',NULL,NULL,NULL),(436,'Coulon','Christine',NULL,'Fugiat quo cum sit sed.','legoff.honore@lamy.fr',NULL,NULL,NULL,NULL,'90334435','Facteur',0,'Wagner Le Roux S.A.R.L.',NULL,'ParisBourg',NULL,NULL,'2020-04-05 21:10:16','2020-04-05 21:10:16',NULL,NULL,NULL),(437,'Guillou','Nath',NULL,'Non et vero qui tempore.','nicole.dufour@richard.com',NULL,NULL,NULL,NULL,'90334435','Traffic manager',0,'Aubert SAS',NULL,'Dupuy',NULL,NULL,'2020-04-05 21:10:16','2020-04-05 21:10:16',NULL,NULL,NULL),(438,'Dijoux','Laetitia',NULL,'A saepe pariatur id tenetur.','omorin@ifrance.com',NULL,NULL,NULL,NULL,'90334435','Commandant marine',0,'Riou S.A.S.',NULL,'Rocherdan',NULL,NULL,'2020-04-05 21:10:16','2020-04-05 21:10:16',NULL,NULL,NULL),(439,'Gautier','Roger',NULL,'Ut tenetur rerum id facere.','madeleine01@wanadoo.fr',NULL,NULL,NULL,NULL,'90334435','Danseur',0,'Thibault',NULL,'Normand',NULL,NULL,'2020-04-05 21:10:16','2020-04-05 21:10:16',NULL,NULL,NULL),(440,'Lopez','Alix',NULL,'Autem magnam ducimus in.','aubry.catherine@gmail.com',NULL,NULL,NULL,NULL,'90334435','Eleveur de volailles',0,'Mathieu Vallee et Fils',NULL,'Rolland',NULL,NULL,'2020-04-05 21:10:17','2020-04-05 21:10:17',NULL,NULL,NULL),(441,'Morel','Hugues',NULL,'Magnam sunt odio sit ad in.','henri.tessier@bouygtel.fr',NULL,NULL,NULL,NULL,'90334435','Parqueteur',0,'Reynaud',NULL,'GomezBourg',NULL,NULL,'2020-04-05 21:10:17','2020-04-05 21:10:17',NULL,NULL,NULL),(442,'Bousquet','Thibault',NULL,'Ad animi delectus sit sed.','camille68@orange.fr',NULL,NULL,NULL,NULL,'90334435','Employé d\'accueil',0,'Dubois',NULL,'Buissonnec',NULL,NULL,'2020-04-05 21:10:17','2020-04-05 21:10:17',NULL,NULL,NULL),(443,'Monnier','Marianne',NULL,'Nesciunt qui omnis quod sed.','olivier.paul@noos.fr',NULL,NULL,NULL,NULL,'90334435','Mouleur sable',0,'Valentin Deschamps S.A.',NULL,'TraoreVille',NULL,NULL,'2020-04-05 21:10:17','2020-04-05 21:10:17',NULL,NULL,NULL),(444,'Lemaire','Océane',NULL,'Et aut rerum quis rerum.','jmasson@benoit.org',NULL,NULL,NULL,NULL,'90334435','Foreur pétrole',0,'Dumont',NULL,'Delorme',NULL,NULL,'2020-04-05 21:10:17','2020-04-05 21:10:17',NULL,NULL,NULL),(445,'Boulanger','André',NULL,'Laborum quia sunt in non.','jacques.mahe@laposte.net',NULL,NULL,NULL,NULL,'90334435','Aspigiculteur',0,'Courtois',NULL,'Becker',NULL,NULL,'2020-04-05 21:10:17','2020-04-05 21:10:17',NULL,NULL,NULL),(446,'Guichard','Roland',NULL,'Ullam id ab nisi rerum.','jdelattre@sfr.fr',NULL,NULL,NULL,NULL,'90334435','Stratifieur',0,'Bouchet SA',NULL,'Lebreton',NULL,NULL,'2020-04-05 21:10:17','2020-04-05 21:10:17',NULL,NULL,NULL),(447,'Pichon','Susanne',NULL,'Quia dolore dolor et sit.','gregoire.simon@carlier.fr',NULL,NULL,NULL,NULL,'90334435','Eleveur de chats',0,'Philippe',NULL,'Leblanc',NULL,NULL,'2020-04-05 21:10:17','2020-04-05 21:10:17',NULL,NULL,NULL),(448,'Maillard','Michelle',NULL,'Mollitia optio molestiae ut.','raymond79@hotmail.fr',NULL,NULL,NULL,NULL,'90334435','Elagueur-grimpeur',0,'Jacques SARL',NULL,'Martel',NULL,NULL,'2020-04-05 21:10:17','2020-04-05 21:10:17',NULL,NULL,NULL),(449,'Girard','Céline',NULL,'Magnam et doloribus eveniet.','zacharie.guerin@sfr.fr',NULL,NULL,NULL,NULL,'90334435','Fantaisiste',0,'Bodin',NULL,'Rousseau-sur-Raymond',NULL,NULL,'2020-04-05 21:10:18','2020-04-05 21:10:18',NULL,NULL,NULL),(450,'Maurice','Roland',NULL,'Ea et quibusdam ut quo.','vincent.turpin@tiscali.fr',NULL,NULL,NULL,NULL,'90334435','Second de cuisine',0,'Bousquet',NULL,'Etienne-la-Forêt',NULL,NULL,'2020-04-05 21:10:18','2020-04-05 21:10:18',NULL,NULL,NULL),(451,'Teixeira','Thibault',NULL,'Aut ex neque in autem.','luc19@tele2.fr',NULL,NULL,NULL,NULL,'90334435','Chasseur-bagagiste',0,'Blanchard',NULL,'Hoareau-sur-Gregoire',NULL,NULL,'2020-04-05 21:10:18','2020-04-05 21:10:18',NULL,NULL,NULL),(452,'Garnier','Philippine',NULL,'Aut ut voluptas nam.','joseph.valette@monnier.com',NULL,NULL,NULL,NULL,'90334435','Maquilleur spectacle',0,'Bouchet',NULL,'Bouchet-sur-Carlier',NULL,NULL,'2020-04-05 21:10:18','2020-04-05 21:10:18',NULL,NULL,NULL),(453,'Lesage','Julien',NULL,'Qui labore vitae excepturi.','besnard.paul@peron.fr',NULL,NULL,NULL,NULL,'90334435','Chiropraticien',0,'Pires',NULL,'Perrin',NULL,NULL,'2020-04-05 21:10:18','2020-04-05 21:10:18',NULL,NULL,NULL),(454,'Petitjean','Odette',NULL,'Veniam voluptatem non omnis.','tessier.eugene@dbmail.com',NULL,NULL,NULL,NULL,'90334435','Foreur pétrole',0,'Gauthier',NULL,'Marin-sur-Mer',NULL,NULL,'2020-04-05 21:10:18','2020-04-05 21:10:18',NULL,NULL,NULL),(455,'David','Marc',NULL,'Facere nobis asperiores aut.','jerome85@hernandez.com',NULL,NULL,NULL,NULL,'90334435','Modéliste industriel',0,'Poirier',NULL,'Martin',NULL,NULL,'2020-04-05 21:10:18','2020-04-05 21:10:18',NULL,NULL,NULL),(456,'Mendes','Martine',NULL,'Quo est voluptatem quia.','rolland.dominique@munoz.com',NULL,NULL,NULL,NULL,'90334435','Récupérateur',0,'Auger',NULL,'Blot',NULL,NULL,'2020-04-05 21:10:19','2020-04-05 21:10:19',NULL,NULL,NULL),(457,'Pruvost','Paul',NULL,'Magni odio nam aperiam.','capucine75@collin.com',NULL,NULL,NULL,NULL,'90334435','Chanteur',0,'Levy',NULL,'Guillaume',NULL,NULL,'2020-04-05 21:10:19','2020-04-05 21:10:19',NULL,NULL,NULL),(458,'Paul','Christophe',NULL,'Est iure aliquam et.','anouk.olivier@bouygtel.fr',NULL,NULL,NULL,NULL,'90334435','Copiste offset',0,'Besson',NULL,'Lejeune',NULL,NULL,'2020-04-05 21:10:19','2020-04-05 21:10:19',NULL,NULL,NULL),(459,'Blin','Renée',NULL,'Sunt dolorum laudantium quo.','charles68@club-internet.fr',NULL,NULL,NULL,NULL,'90334435','Médecin du sport',0,'Mendes',NULL,'Vallee',NULL,NULL,'2020-04-05 21:10:19','2020-04-05 21:10:19',NULL,NULL,NULL),(460,'Coulon','Paul',NULL,'Dolorem sed tempora quo sit.','thibault00@wanadoo.fr',NULL,NULL,NULL,NULL,'90334435','Géodésien',0,'Normand Morel SARL',NULL,'Lejeune',NULL,NULL,'2020-04-05 21:10:19','2020-04-05 21:10:19',NULL,NULL,NULL),(461,'Schmitt','Amélie',NULL,'Iste ut enim minima qui.','jvallet@lefebvre.fr',NULL,NULL,NULL,NULL,'90334435','Commandant de police',0,'Turpin',NULL,'Rolland-sur-Mer',NULL,NULL,'2020-04-05 21:10:19','2020-04-05 21:10:19',NULL,NULL,NULL),(462,'Turpin','Inès',NULL,'Accusantium eum assumenda et.','philippine.prevost@hotmail.fr',NULL,NULL,NULL,NULL,'90334435','Caviste',0,'Pascal Leger S.A.S.',NULL,'Vallee',NULL,NULL,'2020-04-05 21:10:19','2020-04-05 21:10:19',NULL,NULL,NULL),(463,'Morel','Célina',NULL,'Fuga ipsam quae totam.','luc.teixeira@cordier.org',NULL,NULL,NULL,NULL,'90334435','Galeriste',0,'Clement',NULL,'Normand-sur-Thomas',NULL,NULL,'2020-04-05 21:10:19','2020-04-05 21:10:19',NULL,NULL,NULL),(464,'Leveque','Arnaude',NULL,'Enim ut distinctio natus.','laroche.maryse@ifrance.com',NULL,NULL,NULL,NULL,'90334435','Surjeteur-raseur',0,'Duhamel',NULL,'Fleury',NULL,NULL,'2020-04-05 21:10:19','2020-04-05 21:10:19',NULL,NULL,NULL),(465,'Lebon','Alphonse',NULL,'Dolorem quos eius quia.','michel.bonnin@joseph.net',NULL,NULL,NULL,NULL,'90334435','Conseiller funéraire',0,'Ollivier SA',NULL,'Da Costa',NULL,NULL,'2020-04-05 21:10:20','2020-04-05 21:10:20',NULL,NULL,NULL),(466,'Barre','Gilbert',NULL,'Aspernatur quo itaque fugit.','henri.lemonnier@renard.fr',NULL,NULL,NULL,NULL,'90334435','Secrétaire juridique',0,'Lamy',NULL,'Grenier-sur-Lagarde',NULL,NULL,'2020-04-05 21:10:20','2020-04-05 21:10:20',NULL,NULL,NULL),(467,'Picard','Eugène',NULL,'Ipsam qui cumque quas quo.','ines72@live.com',NULL,NULL,NULL,NULL,'90334435','Marbrier-poseur',0,'Jacques S.A.R.L.',NULL,'DupuyVille',NULL,NULL,'2020-04-05 21:10:20','2020-04-05 21:10:20',NULL,NULL,NULL),(468,'Joseph','Raymond',NULL,'Id illum rerum quasi.','joseph.rene@rey.fr',NULL,NULL,NULL,NULL,'90334435','Verrier à main levée',0,'Rousseau',NULL,'Chevalier-sur-Toussaint',NULL,NULL,'2020-04-05 21:10:20','2020-04-05 21:10:20',NULL,NULL,NULL),(469,'Baron','Laetitia',NULL,'Qui esse qui laudantium.','denise09@letellier.com',NULL,NULL,NULL,NULL,'90334435','Relieur-doreur',0,'Weiss',NULL,'Lacroix',NULL,NULL,'2020-04-05 21:10:20','2020-04-05 21:10:20',NULL,NULL,NULL),(470,'Fernandez','David',NULL,'In voluptatem natus id quia.','edouard.peron@hoareau.fr',NULL,NULL,NULL,NULL,'90334435','Trieur de métaux',0,'Sanchez',NULL,'Besson',NULL,NULL,'2020-04-05 21:10:20','2020-04-05 21:10:20',NULL,NULL,NULL),(471,'Courtois','Sophie',NULL,'Et doloremque excepturi iste.','caron.patricia@aubry.com',NULL,NULL,NULL,NULL,'90334435','Ingénieur logistique',0,'Levy',NULL,'Girard',NULL,NULL,'2020-04-05 21:10:21','2020-04-05 21:10:21',NULL,NULL,NULL),(472,'Roux','Rémy',NULL,'Nobis dolor culpa ut.','dupuy.danielle@wanadoo.fr',NULL,NULL,NULL,NULL,'90334435','Terminologue',0,'Poirier',NULL,'Robertnec',NULL,NULL,'2020-04-05 21:10:21','2020-04-05 21:10:21',NULL,NULL,NULL),(473,'Lefevre','Alice',NULL,'Et quo ex laudantium eum.','gabriel.fournier@hotmail.fr',NULL,NULL,NULL,NULL,'90334435','Séismologue',0,'Lemaire S.A.R.L.',NULL,'Collinboeuf',NULL,NULL,'2020-04-05 21:10:21','2020-04-05 21:10:21',NULL,NULL,NULL),(474,'Bernier','Maurice',NULL,'Tempore saepe et sit et.','roger61@ifrance.com',NULL,NULL,NULL,NULL,'90334435','Sculpteur sur verre',0,'Voisin et Fils',NULL,'Muller',NULL,NULL,'2020-04-05 21:10:21','2020-04-05 21:10:21',NULL,NULL,NULL),(475,'De Sousa','Gilles',NULL,'Sint fugit quaerat quos.','danielle.turpin@bigot.fr',NULL,NULL,NULL,NULL,'90334435','Brigadier',0,'Lesage',NULL,'Torres',NULL,NULL,'2020-04-05 21:10:21','2020-04-05 21:10:21',NULL,NULL,NULL),(476,'Jourdan','Alice',NULL,'Eos ducimus esse et ut sed.','ojoseph@bouygtel.fr',NULL,NULL,NULL,NULL,'90334435','Fantaisiste',0,'Alves S.A.',NULL,'Becker',NULL,NULL,'2020-04-05 21:10:21','2020-04-05 21:10:21',NULL,NULL,NULL),(477,'Klein','Odette',NULL,'Est et id ex qui eveniet non.','emmanuelle11@bonneau.fr',NULL,NULL,NULL,NULL,'90334435','Diététicien conseil',0,'Alexandre',NULL,'Clement-sur-Lombard',NULL,NULL,'2020-04-05 21:10:21','2020-04-05 21:10:21',NULL,NULL,NULL),(478,'Camus','Raymond',NULL,'Alias dignissimos est quia.','susanne82@renaud.com',NULL,NULL,NULL,NULL,'90334435','Logistique',0,'Masson',NULL,'Buisson',NULL,NULL,'2020-04-05 21:10:21','2020-04-05 21:10:21',NULL,NULL,NULL),(479,'Normand','Éléonore',NULL,'Dolorem cum vel vel qui.','martinez.joseph@dbmail.com',NULL,NULL,NULL,NULL,'90334435','Opérateur du son',0,'Marchal SARL',NULL,'Francois',NULL,NULL,'2020-04-05 21:10:22','2020-04-05 21:10:22',NULL,NULL,NULL),(480,'Labbe','Nicolas',NULL,'Quia eos sit eum.','gimenez.denis@gmail.com',NULL,NULL,NULL,NULL,'90334435','Modéliste industriel',0,'Roux',NULL,'Leveque',NULL,NULL,'2020-04-05 21:10:22','2020-04-05 21:10:22',NULL,NULL,NULL),(481,'Dias','Antoine',NULL,'Veniam eum maiores quidem.','thomas84@neveu.org',NULL,NULL,NULL,NULL,'90334435','Logopède',0,'Sauvage',NULL,'Bailly-sur-Francois',NULL,NULL,'2020-04-05 21:10:22','2020-04-05 21:10:22',NULL,NULL,NULL),(482,'Morel','Astrid',NULL,'Et quia rerum fuga ex magnam.','sylvie97@ifrance.com',NULL,NULL,NULL,NULL,'90334435','Parfumeur',0,'Fleury',NULL,'Pires-la-Forêt',NULL,NULL,'2020-04-05 21:10:22','2020-04-05 21:10:22',NULL,NULL,NULL),(483,'Nicolas','Josette',NULL,'Saepe quia ad deserunt.','humbert.christelle@bousquet.net',NULL,NULL,NULL,NULL,'90334435','Second de cuisine',0,'Noel',NULL,'Jourdan',NULL,NULL,'2020-04-05 21:10:22','2020-04-05 21:10:22',NULL,NULL,NULL),(484,'Hebert','Charles',NULL,'Ratione et placeat totam.','rousseau.timothee@hotmail.fr',NULL,NULL,NULL,NULL,'90334435','Traffic manager',0,'Duval',NULL,'Vallet-sur-Caron',NULL,NULL,'2020-04-05 21:10:22','2020-04-05 21:10:22',NULL,NULL,NULL),(485,'Pichon','Suzanne',NULL,'Qui et et sequi.','christelle84@free.fr',NULL,NULL,NULL,NULL,'90334435','Etancheur',0,'Lemoine Noel SA',NULL,'Perrierdan',NULL,NULL,'2020-04-05 21:10:22','2020-04-05 21:10:22',NULL,NULL,NULL),(486,'Leleu','Christophe',NULL,'Maxime at qui qui facere.','mathieu.lucas@allard.fr',NULL,NULL,NULL,NULL,'90334435','Danseur',0,'Dumont',NULL,'Weiss-les-Bains',NULL,NULL,'2020-04-05 21:10:22','2020-04-05 21:10:22',NULL,NULL,NULL),(487,'Guichard','Henriette',NULL,'Rerum illum perferendis at.','gabrielle.morel@levy.fr',NULL,NULL,NULL,NULL,'90334435','Ecotoxicologue',0,'Gillet',NULL,'ArnaudBourg',NULL,NULL,'2020-04-05 21:10:23','2020-04-05 21:10:23',NULL,NULL,NULL),(488,'Duval','Étienne',NULL,'In enim eligendi vitae illo.','barthelemy.victoire@nguyen.com',NULL,NULL,NULL,NULL,'90334435','Mannequin détail',0,'Imbert',NULL,'Bonnin',NULL,NULL,'2020-04-05 21:10:23','2020-04-05 21:10:23',NULL,NULL,NULL),(489,'Ruiz','Charles',NULL,'Velit iusto ad unde.','zpires@yahoo.fr',NULL,NULL,NULL,NULL,'90334435','Epithésiste',0,'Couturier',NULL,'Auger-sur-Lombard',NULL,NULL,'2020-04-05 21:10:23','2020-04-05 21:10:23',NULL,NULL,NULL),(490,'Hardy','Émilie',NULL,'Qui sint ea et sed optio.','martin62@dbmail.com',NULL,NULL,NULL,NULL,'90334435','Monteur prototypiste',0,'Normand',NULL,'Gimenez',NULL,NULL,'2020-04-05 21:10:23','2020-04-05 21:10:23',NULL,NULL,NULL),(491,'Langlois','Michel',NULL,'In sit et esse facilis non.','leroux.dorothee@collet.fr',NULL,NULL,NULL,NULL,'90334435','Moniteur de sport',0,'Schneider',NULL,'Martineau-sur-Nicolas',NULL,NULL,'2020-04-05 21:10:23','2020-04-05 21:10:23',NULL,NULL,NULL),(492,'Pinto','Lucie',NULL,'Odit quos impedit qui quia.','andre70@free.fr',NULL,NULL,NULL,NULL,'90334435','Médiathécaire',0,'Lemaitre S.A.S.',NULL,'BlotBourg',NULL,NULL,'2020-04-05 21:10:23','2020-04-05 21:10:23',NULL,NULL,NULL),(493,'Duval','Roland',NULL,'Dolor pariatur nihil eius ea.','madeleine46@lacroix.net',NULL,NULL,NULL,NULL,'90334435','Copiste offset',0,'Le Goff',NULL,'Launay',NULL,NULL,'2020-04-05 21:10:23','2020-04-05 21:10:23',NULL,NULL,NULL),(494,'Leroy','Clémence',NULL,'Labore saepe ullam maiores.','patricia.pineau@perrin.fr',NULL,NULL,NULL,NULL,'90334435','Monteur en siège',0,'Bodin',NULL,'Delahaye',NULL,NULL,'2020-04-05 21:10:24','2020-04-05 21:10:24',NULL,NULL,NULL),(495,'Fouquet','Grégoire',NULL,'Aut id et et sequi.','paris.christine@dupuis.fr',NULL,NULL,NULL,NULL,'90334435','Stratifieur',0,'Renault Brunet SA',NULL,'Maillot',NULL,NULL,'2020-04-05 21:10:24','2020-04-05 21:10:24',NULL,NULL,NULL),(496,'Marechal','Océane',NULL,'Ut harum et est adipisci.','xleger@colas.org',NULL,NULL,NULL,NULL,'90334435','Façadier-ravaleur',0,'Leblanc Ollivier et Fils',NULL,'Pages-les-Bains',NULL,NULL,'2020-04-05 21:10:24','2020-04-05 21:10:24',NULL,NULL,NULL),(497,'Fontaine','Théodore',NULL,'Quae sint deserunt dolor.','aaubry@bonnet.fr',NULL,NULL,NULL,NULL,'90334435','Chef de fabrication',0,'Bigot',NULL,'RollandBourg',NULL,NULL,'2020-04-05 21:10:24','2020-04-05 21:10:24',NULL,NULL,NULL),(498,'Masson','Xavier',NULL,'Earum eos ut et.','mmasson@evrard.fr',NULL,NULL,NULL,NULL,'90334435','Monteur de fermettes',0,'Ruiz S.A.S.',NULL,'Maillet-sur-Allard',NULL,NULL,'2020-04-05 21:10:24','2020-04-05 21:10:24',NULL,NULL,NULL),(499,'Leveque','Noël',NULL,'Qui est et asperiores autem.','lucy92@ifrance.com',NULL,NULL,NULL,NULL,'90334435','Facteur de clavecins',0,'Ollivier',NULL,'Begue-sur-Mer',NULL,NULL,'2020-04-05 21:10:24','2020-04-05 21:10:24',NULL,NULL,NULL),(500,'Guyot','Suzanne',NULL,'Et qui nostrum libero eum.','augustin93@mathieu.com',NULL,NULL,NULL,NULL,'90334435','Verrier à la main',0,'Reynaud',NULL,'Richard',NULL,NULL,'2020-04-05 21:10:25','2020-04-05 21:10:25',NULL,NULL,NULL),(501,'Guillot','Margot',NULL,'Qui quasi quae laboriosam.','boutin.robert@devaux.fr',NULL,NULL,NULL,NULL,'90334435','Conseiller funéraire',0,'Roy',NULL,'Riviereboeuf',NULL,NULL,'2020-04-05 21:10:25','2020-04-05 21:10:25',NULL,NULL,NULL),(502,'Marques','Marine',NULL,'Sit sed alias earum nihil.','zbonnet@becker.org',NULL,NULL,NULL,NULL,'90334435','Etiqueteur',0,'Launay',NULL,'Diazdan',NULL,NULL,'2020-04-05 21:10:25','2020-04-05 21:10:25',NULL,NULL,NULL),(503,'Fournier','Gilles',NULL,'Et qui ut architecto hic.','cruiz@guillon.fr',NULL,NULL,NULL,NULL,'90334435','Professeur d\'italien',0,'Albert et Fils',NULL,'Delannoy',NULL,NULL,'2020-04-05 21:10:25','2020-04-05 21:10:25',NULL,NULL,NULL),(504,'prenom','nomnom',NULL,'oooo','W@GMAIL.COM',NULL,NULL,NULL,NULL,'88888888','job',0,'ENTREPORISE',NULL,NULL,NULL,NULL,'2020-04-06 21:38:10','2020-04-06 21:38:10',NULL,NULL,NULL),(505,'angelo','angelo',NULL,'angeloo','a0@gmail.com',NULL,NULL,NULL,NULL,'90334412','Programmer',0,'mledji SARL',NULL,NULL,NULL,NULL,'2020-04-07 10:39:15','2020-04-07 10:39:15',NULL,NULL,NULL),(506,NULL,NULL,NULL,NULL,'test@devs.com',NULL,NULL,NULL,NULL,NULL,NULL,0,NULL,NULL,NULL,NULL,NULL,'2020-04-25 00:30:52','2020-04-25 00:30:52',NULL,NULL,NULL),(507,NULL,NULL,NULL,NULL,'test4@devs.com',NULL,NULL,NULL,NULL,NULL,NULL,0,NULL,NULL,NULL,NULL,NULL,'2020-04-25 00:33:16','2020-04-25 00:33:16',NULL,NULL,NULL),(508,NULL,NULL,NULL,NULL,'fourange44@gmail.com',NULL,NULL,NULL,NULL,NULL,NULL,0,NULL,NULL,NULL,NULL,NULL,'2020-04-25 00:34:08','2020-04-25 00:34:08',NULL,NULL,NULL),(509,NULL,NULL,NULL,NULL,'fourange55@gmail.com',NULL,NULL,NULL,NULL,NULL,NULL,0,NULL,NULL,NULL,NULL,NULL,'2020-04-25 00:36:46','2020-04-25 00:36:46',NULL,NULL,NULL),(510,NULL,NULL,NULL,NULL,'fourange47@gmail.com',NULL,NULL,NULL,NULL,NULL,NULL,0,NULL,NULL,NULL,NULL,NULL,'2020-05-17 19:30:18','2020-05-17 19:30:18',NULL,NULL,NULL),(511,'Mon prenom','Mon nom',NULL,NULL,'a1ange@gmail.com',NULL,NULL,NULL,NULL,'98214344','Assistant logistique',0,'Vasseur SARL','Il etait une fois. Jusqu a maintent','Bigot',NULL,NULL,'2020-07-11 12:23:09','2020-08-10 18:36:27',NULL,NULL,NULL),(512,NULL,NULL,NULL,NULL,'aaange@gmail.com',NULL,NULL,NULL,NULL,NULL,NULL,0,NULL,NULL,NULL,NULL,NULL,'2020-07-11 12:42:36','2020-07-11 12:42:36',NULL,NULL,NULL),(513,NULL,NULL,NULL,NULL,'shangeee@gmail.com',NULL,NULL,NULL,NULL,NULL,NULL,0,NULL,NULL,NULL,NULL,NULL,'2020-08-12 08:05:57','2020-08-12 08:05:57',NULL,NULL,NULL),(514,NULL,NULL,NULL,NULL,'test42@devs.com',NULL,NULL,NULL,NULL,NULL,NULL,0,NULL,NULL,NULL,NULL,NULL,'2020-08-13 03:08:47','2020-08-13 03:08:47',NULL,NULL,NULL),(515,NULL,NULL,NULL,NULL,'ange@gmail.com',NULL,NULL,NULL,NULL,NULL,NULL,0,NULL,NULL,NULL,NULL,NULL,'2020-08-19 12:04:59','2020-08-19 12:04:59',NULL,NULL,NULL);
/*!40000 ALTER TABLE `participants` ENABLE KEYS */;
UNLOCK TABLES;

--
-- Table structure for table `partners`
--

DROP TABLE IF EXISTS `partners`;
/*!40101 SET @saved_cs_client     = @@character_set_client */;
/*!40101 SET character_set_client = utf8 */;
CREATE TABLE `partners` (
  `id` int(10) unsigned NOT NULL AUTO_INCREMENT,
  `name` varchar(255) COLLATE utf8mb4_unicode_ci NOT NULL,
  `city` varchar(255) COLLATE utf8mb4_unicode_ci NOT NULL,
  `phone_number` varchar(20) COLLATE utf8mb4_unicode_ci DEFAULT NULL,
  `email` varchar(255) COLLATE utf8mb4_unicode_ci NOT NULL,
  `description` text COLLATE utf8mb4_unicode_ci NOT NULL,
  `image` varchar(255) COLLATE utf8mb4_unicode_ci DEFAULT NULL,
  `created_at` timestamp NULL DEFAULT NULL,
  `updated_at` timestamp NULL DEFAULT NULL,
  PRIMARY KEY (`id`)
) ENGINE=InnoDB DEFAULT CHARSET=utf8mb4 COLLATE=utf8mb4_unicode_ci;
/*!40101 SET character_set_client = @saved_cs_client */;

--
-- Dumping data for table `partners`
--

LOCK TABLES `partners` WRITE;
/*!40000 ALTER TABLE `partners` DISABLE KEYS */;
/*!40000 ALTER TABLE `partners` ENABLE KEYS */;
UNLOCK TABLES;

--
-- Table structure for table `plannings`
--

DROP TABLE IF EXISTS `plannings`;
/*!40101 SET @saved_cs_client     = @@character_set_client */;
/*!40101 SET character_set_client = utf8 */;
CREATE TABLE `plannings` (
  `id` int(10) unsigned NOT NULL AUTO_INCREMENT,
  `date_begin` datetime NOT NULL,
  `date_end` datetime NOT NULL,
  `description` text COLLATE utf8mb4_unicode_ci NOT NULL,
  `created_at` timestamp NULL DEFAULT NULL,
  `updated_at` timestamp NULL DEFAULT NULL,
  PRIMARY KEY (`id`)
) ENGINE=InnoDB DEFAULT CHARSET=utf8mb4 COLLATE=utf8mb4_unicode_ci;
/*!40101 SET character_set_client = @saved_cs_client */;

--
-- Dumping data for table `plannings`
--

LOCK TABLES `plannings` WRITE;
/*!40000 ALTER TABLE `plannings` DISABLE KEYS */;
/*!40000 ALTER TABLE `plannings` ENABLE KEYS */;
UNLOCK TABLES;

--
-- Table structure for table `users`
--

DROP TABLE IF EXISTS `users`;
/*!40101 SET @saved_cs_client     = @@character_set_client */;
/*!40101 SET character_set_client = utf8 */;
CREATE TABLE `users` (
  `id` int(10) unsigned NOT NULL AUTO_INCREMENT,
  `name` varchar(50) COLLATE utf8mb4_unicode_ci NOT NULL,
  `email` varchar(255) COLLATE utf8mb4_unicode_ci NOT NULL,
  `password` varchar(60) COLLATE utf8mb4_unicode_ci NOT NULL,
  `api_token` varchar(60) COLLATE utf8mb4_unicode_ci NOT NULL,
  `remember_token` varchar(100) COLLATE utf8mb4_unicode_ci DEFAULT NULL,
  `created_at` timestamp NULL DEFAULT NULL,
  `updated_at` timestamp NULL DEFAULT NULL,
  PRIMARY KEY (`id`),
  UNIQUE KEY `users_name_unique` (`name`),
  UNIQUE KEY `users_api_token_unique` (`api_token`)
) ENGINE=InnoDB AUTO_INCREMENT=2 DEFAULT CHARSET=utf8mb4 COLLATE=utf8mb4_unicode_ci;
/*!40101 SET character_set_client = @saved_cs_client */;

--
-- Dumping data for table `users`
--

LOCK TABLES `users` WRITE;
/*!40000 ALTER TABLE `users` DISABLE KEYS */;
INSERT INTO `users` VALUES (1,'ANGELO','fourange7@gmail.com','$2y$10$4OoynbnEk3UlZC7MoU0ejuQhfT96lmsBPLY.I8lGx4DN53M1SMkG.','fc4edd92-be20-3385-9f70-edcb1d3a82c7',NULL,'2020-08-12 07:57:38','2020-08-12 07:57:38');
/*!40000 ALTER TABLE `users` ENABLE KEYS */;
UNLOCK TABLES;

--
-- Table structure for table `votes`
--

DROP TABLE IF EXISTS `votes`;
/*!40101 SET @saved_cs_client     = @@character_set_client */;
/*!40101 SET character_set_client = utf8 */;
CREATE TABLE `votes` (
  `id` int(10) unsigned NOT NULL AUTO_INCREMENT,
  `participant_id` int(10) unsigned NOT NULL,
  `candidat_id` int(10) unsigned NOT NULL,
  `participant_key` varchar(100) COLLATE utf8mb4_unicode_ci NOT NULL,
  `created_at` timestamp NULL DEFAULT NULL,
  `updated_at` timestamp NULL DEFAULT NULL,
  PRIMARY KEY (`id`),
  UNIQUE KEY `votes_candidat_id_participant_id_unique` (`candidat_id`,`participant_id`),
  KEY `votes_participant_id_foreign` (`participant_id`),
  CONSTRAINT `votes_candidat_id_foreign` FOREIGN KEY (`candidat_id`) REFERENCES `candidates` (`id`) ON DELETE CASCADE,
  CONSTRAINT `votes_participant_id_foreign` FOREIGN KEY (`participant_id`) REFERENCES `participants` (`id`) ON DELETE CASCADE
) ENGINE=InnoDB DEFAULT CHARSET=utf8mb4 COLLATE=utf8mb4_unicode_ci;
/*!40101 SET character_set_client = @saved_cs_client */;

--
-- Dumping data for table `votes`
--

LOCK TABLES `votes` WRITE;
/*!40000 ALTER TABLE `votes` DISABLE KEYS */;
/*!40000 ALTER TABLE `votes` ENABLE KEYS */;
UNLOCK TABLES;
/*!40103 SET TIME_ZONE=@OLD_TIME_ZONE */;

/*!40101 SET SQL_MODE=@OLD_SQL_MODE */;
/*!40014 SET FOREIGN_KEY_CHECKS=@OLD_FOREIGN_KEY_CHECKS */;
/*!40014 SET UNIQUE_CHECKS=@OLD_UNIQUE_CHECKS */;
/*!40101 SET CHARACTER_SET_CLIENT=@OLD_CHARACTER_SET_CLIENT */;
/*!40101 SET CHARACTER_SET_RESULTS=@OLD_CHARACTER_SET_RESULTS */;
/*!40101 SET COLLATION_CONNECTION=@OLD_COLLATION_CONNECTION */;
/*!40111 SET SQL_NOTES=@OLD_SQL_NOTES */;

-- Dump completed on 2020-09-01 13:33:56
